create database pjp3;
use pjp3;

CREATE TABLE `books` (
  `isbn` bigint(20) NOT NULL,
  `title` varchar(200) DEFAULT NULL,
  `author` varchar(200) DEFAULT NULL,
  `publishedDate` date DEFAULT NULL,
  `price` decimal(4,2) DEFAULT NULL,
  `genre` varchar(200) DEFAULT NULL,
  `rating` decimal(3,2) DEFAULT NULL,
  `quantity` int(11) DEFAULT NULL,
  `bookCover` varchar(500) DEFAULT NULL,
  `totalIssues` int(11) DEFAULT NULL,
  `publisher` varchar(50) DEFAULT NULL
) ;

--

INSERT INTO `books` (`isbn`, `title`, `author`, `publishedDate`, `price`, `genre`, `rating`, `quantity`, `bookCover`, `totalIssues`, `publisher`) VALUES
(8000400000000, 'The Magic', 'Rhonda Byrne', '2015-10-03', '13.58', 'Personal-Development', '4.68', 2, 'https://d1w7fb2mkkr3kw.cloudfront.net/assets/images/book/mid/9781/4516/9781451673449.jpg', 10, 'Egmont'),
(8001290000000, 'Slow', 'Brooke McAlary', '2015-10-03', '15.59', 'Biography', '1.52', 9, 'https://d1w7fb2mkkr3kw.cloudfront.net/assets/images/book/mid/9781/7602/9781760296919.jpg', 38, 'Klett'),
(8003430000000, 'Whole Beauty', 'Shiva Rose', '2015-10-03', '21.22', 'Home-Garden', '3.78', 1, 'https://d1w7fb2mkkr3kw.cloudfront.net/assets/images/book/mid/9781/5796/9781579657727.jpg', 21, 'MacMillan Publishers'),
(8003830000000, 'Walden And Civil Disobedience', 'Henry Thoreau', '2015-10-03', '5.53', 'Natural-History', '2.27', 1, 'https://d1w7fb2mkkr3kw.cloudfront.net/assets/images/book/mid/9780/4515/9780451532169.jpg', 49, 'Tinkle'),
(8008900000000, 'Tactics', 'Gregory Koukl', '2015-10-03', '10.98', 'Religion', '1.22', 10, 'https://d1w7fb2mkkr3kw.cloudfront.net/assets/images/book/mid/9780/3102/9780310282921.jpg', 39, 'MacMillan Publishers'),
(8012330000000, 'The Long Haul (Diary of a Wimpy Kid book 9)', 'Jeff Kinney', '2015-10-03', '0.00', 'Childrens-Books', '1.44', 6, 'https://d1w7fb2mkkr3kw.cloudfront.net/assets/images/book/mid/9780/1413/9780141354224.jpg', 17, 'Tata McGraw '),
(8015690000000, 'The Hare with Amber Eyes', 'Edmund de Waal', '2015-10-03', '13.82', 'Biography', '4.69', 10, 'https://d1w7fb2mkkr3kw.cloudfront.net/assets/images/book/mid/9780/3125/9780312569372.jpg', 35, 'Egmont'),
(8016850000000, 'Layered:Baking, Building, and Styling Spectacular Cakes', 'Tessa Huff', '2015-10-03', '21.98', 'Food-Drink', '3.50', 2, 'https://d1w7fb2mkkr3kw.cloudfront.net/assets/images/book/mid/9781/6176/9781617691881.jpg', 48, 'Klett'),
(8020080000000, 'The Digital Photography Book, Part 4', 'Scott Kelby', '2015-10-03', '16.29', 'Computing', '2.82', 6, 'https://d1w7fb2mkkr3kw.cloudfront.net/assets/images/book/mid/9780/3217/9780321773029.jpg', 32, 'Springer'),
(8028030000000, 'Australian Dreamscapes', 'Claire Takacs', '2015-10-03', '36.80', 'Home-Garden', '1.95', 4, 'https://d1w7fb2mkkr3kw.cloudfront.net/assets/images/book/mid/9781/7437/9781743794708.jpg', 28, 'Pustak Mahal'),
(8028330000000, 'The Adventure Time Encyclopaedia', 'Martin Olson', '2015-10-03', '15.70', 'Reference', '1.62', 2, 'https://d1w7fb2mkkr3kw.cloudfront.net/assets/images/book/mid/9781/7832/9781783290147.jpg', 13, 'Tinkle'),
(8030310000000, 'Seth Speaks', 'Jane Roberts', '2015-10-03', '13.31', 'Mind-Body-Spirit', '4.95', 7, 'https://d1w7fb2mkkr3kw.cloudfront.net/assets/images/book/mid/9781/8784/9781878424075.jpg', 29, 'Egmont'),
(8031650000000, 'Rugby World Cup 2019 TM', 'Simon Collings', '2015-10-03', '12.34', 'Sport', '3.63', 10, 'https://d1w7fb2mkkr3kw.cloudfront.net/assets/images/book/mid/9781/7873/9781787392670.jpg', 48, 'Penguin Publishers'),
(8032580000000, 'The Original Reiki Handbook of Dr. Mikao Usui', 'Mikao Usui', '2015-10-03', '11.79', 'Medical', '4.37', 7, 'https://d1w7fb2mkkr3kw.cloudfront.net/assets/images/book/mid/9780/9149/9780914955573.jpg', 15, 'Wiley'),
(8035770000000, 'Wabi Sabi', 'Beth Kempton', '2015-10-03', '10.08', 'Personal-Development', '2.57', 8, 'https://d1w7fb2mkkr3kw.cloudfront.net/assets/images/book/mid/9780/3494/9780349421001.jpg', 28, 'Am Cat Pro'),
(8037880000000, 'The Bee Book', 'DK', '2015-10-03', '21.64', 'Crafts-Hobbies', '4.26', 4, 'https://d1w7fb2mkkr3kw.cloudfront.net/assets/images/book/mid/9780/2412/9780241217429.jpg', 16, 'Egmont'),
(8038660000000, 'And Then There Were None', 'Agatha Christie', '2015-10-03', '7.13', 'Crime-Thriller', '4.27', 6, 'https://d1w7fb2mkkr3kw.cloudfront.net/assets/images/book/mid/9780/0071/9780007136834.jpg', 24, 'Westland Publications'),
(8042340000000, 'Horrid Henry', 'Francesca Simon', '2015-10-03', '6.01', 'Teen-Young-Adult', '2.17', 8, 'https://d1w7fb2mkkr3kw.cloudfront.net/assets/images/book/mid/9781/4022/9781402217753.jpg', 36, 'Tinkle'),
(8042870000000, 'Trump: The Art of the Deal', 'Donald Trump', '2015-10-03', '10.49', 'Biography', '1.97', 10, 'https://d1w7fb2mkkr3kw.cloudfront.net/assets/images/book/mid/9781/7847/9781784758240.jpg', 33, 'Jaico '),
(8052060000000, 'Save the Cat! Goes to the Movies', 'Blake Snyder', '2015-10-03', '23.53', 'Dictionaries-Languages', '3.61', 9, 'https://d1w7fb2mkkr3kw.cloudfront.net/assets/images/book/mid/9781/9329/9781932907353.jpg', 14, 'Kodansha'),
(8052780000000, 'West With The Night', 'Beryl Markham', '2015-10-03', '6.13', 'Travel-Holiday-Guides', '1.03', 3, 'https://d1w7fb2mkkr3kw.cloudfront.net/assets/images/book/mid/9780/8606/9780860685418.jpg', 33, 'Klett'),
(8053530000000, 'The Thick of It: The Missing DoSAC Files', 'Armando Iannucci', '2015-10-03', '8.88', 'Humour', '4.87', 2, 'https://d1w7fb2mkkr3kw.cloudfront.net/assets/images/book/mid/9780/5712/9780571272549.jpg', 36, 'Westland Publications'),
(8055350000000, 'Match Annual 2020', 'Match', '2015-10-03', '9.93', 'Reference', '1.09', 1, 'https://d1w7fb2mkkr3kw.cloudfront.net/assets/images/book/mid/9780/7522/9780752266671.jpg', 48, 'Am Cat Pro'),
(8058760000000, 'The Lunar Men', 'Jenny Uglow', '2015-10-03', '16.91', 'Technology-Engineering', '3.80', 10, 'https://d1w7fb2mkkr3kw.cloudfront.net/assets/images/book/mid/9780/5712/9780571216109.jpg', 42, 'Am Cat Pro'),
(8062780000000, 'Maidens\' Trip', 'Emma Smith', '2015-10-03', '8.93', 'Transport', '4.46', 4, 'https://d1w7fb2mkkr3kw.cloudfront.net/assets/images/book/mid/9781/4088/9781408801253.jpg', 28, 'Harper Collins'),
(8067420000000, 'Pusheen: A Magnetic Kit', 'Claire Belton', '2015-10-03', '4.82', 'Stationery', '2.21', 6, 'https://d1w7fb2mkkr3kw.cloudfront.net/assets/images/book/mid/9780/7624/9780762462391.jpg', 41, 'Pustak Mahal'),
(8068220000000, 'English for Everyone Practice Book Level 1 Beginner', 'DK', '2015-10-03', '12.24', 'Teaching-Resources-Education', '1.28', 4, 'https://d1w7fb2mkkr3kw.cloudfront.net/assets/images/book/mid/9780/2412/9780241243510.jpg', 34, 'Simon & Schuster'),
(8069430000000, 'The Secret Crusade', 'Oliver Bowden', '2015-10-03', '6.50', 'Crime-Thriller', '2.89', 6, 'https://d1w7fb2mkkr3kw.cloudfront.net/assets/images/book/mid/9780/2419/9780241951729.jpg', 23, 'Springer'),
(8069730000000, 'Old Possum\'s Book of Practical Cats', 'T. S. Eliot', '2015-10-03', '10.52', 'Religion', '4.31', 3, 'https://d1w7fb2mkkr3kw.cloudfront.net/assets/images/book/mid/9780/5712/9780571252480.jpg', 37, 'Pearson'),
(8070250000000, 'Trash', 'Andy Mulligan', '2015-10-03', '8.24', 'Teen-Young-Adult', '1.88', 4, 'https://d1w7fb2mkkr3kw.cloudfront.net/assets/images/book/mid/9781/9095/9781909531130.jpg', 21, 'Kodansha'),
(8074570000000, 'Goodnight iPad', 'Ann Droyd', '2015-10-03', '13.28', 'Technology-Engineering', '2.67', 5, 'https://d1w7fb2mkkr3kw.cloudfront.net/assets/images/book/mid/9780/3991/9780399158568.jpg', 35, 'Pearson'),
(8075210000000, 'The Border', 'Diarmaid Ferriter', '2015-10-03', '15.23', 'History-Archaeology', '2.81', 8, 'https://d1w7fb2mkkr3kw.cloudfront.net/assets/images/book/mid/9781/7881/9781788161787.jpg', 11, 'Jaico '),
(8081280000000, 'The Sandman Volume 1: 30th Anniversary Edition', 'Neil Gaiman', '2015-10-03', '14.48', 'Graphic-Novels-Anime-Manga', '2.17', 7, 'https://d1w7fb2mkkr3kw.cloudfront.net/assets/images/book/mid/9781/4012/9781401284770.jpg', 33, 'Shueisha'),
(8085960000000, 'Ultimate Confidence', 'Marisa Peer', '2015-10-03', '12.27', 'Personal-Development', '2.98', 6, 'https://d1w7fb2mkkr3kw.cloudfront.net/assets/images/book/mid/9781/8474/9781847441386.jpg', 15, 'Harper Collins'),
(8086470000000, 'Pandora\'s Boy', 'Lindsey Davis', '2015-10-03', '5.17', 'Crime-Thriller', '1.01', 6, 'https://d1w7fb2mkkr3kw.cloudfront.net/assets/images/book/mid/9781/4736/9781473658660.jpg', 11, 'Penguin Publishers'),
(8088980000000, 'The Pregnancy Countdown Book', 'Susan Magee', '2015-10-03', '10.54', 'Stationery', '4.94', 6, 'https://d1w7fb2mkkr3kw.cloudfront.net/assets/images/book/mid/9781/5947/9781594745737.jpg', 25, 'Westland Publications'),
(8089920000000, 'Spice and Wolf, Vol. 8 (light novel)', 'Isuna Hasekura', '2015-10-03', '9.88', 'Graphic-Novels-Anime-Manga', '4.38', 3, 'https://d1w7fb2mkkr3kw.cloudfront.net/assets/images/book/mid/9780/3162/9780316245463.jpg', 45, 'Tata McGraw '),
(8094050000000, 'Mine!', 'Jean Donaldson', '2015-10-03', '13.02', 'Natural-History', '1.61', 7, 'https://d1w7fb2mkkr3kw.cloudfront.net/assets/images/book/mid/9780/9705/9780970562944.jpg', 48, 'Penguin Publishers'),
(8094100000000, 'HMS Victory', 'Jonathan Eastland', '2015-10-03', '16.32', 'Transport', '3.50', 7, 'https://d1w7fb2mkkr3kw.cloudfront.net/assets/images/book/mid/9781/8483/9781848320949.jpg', 44, 'Shueisha'),
(8094700000000, 'Parisian Chic', 'Inès de La Fressange', '2015-10-03', '26.49', 'Home-Garden', '4.44', 6, 'https://d1w7fb2mkkr3kw.cloudfront.net/assets/images/book/mid/9782/0802/9782080200730.jpg', 22, 'MacMillan Publishers'),
(8094940000000, 'Nature and Other Essays', 'Ralph Waldo Emerson', '2015-10-03', '5.59', 'Poetry-Drama', '1.66', 3, 'https://d1w7fb2mkkr3kw.cloudfront.net/assets/images/book/mid/9780/4864/9780486469478.jpg', 10, 'Tata McGraw '),
(8097300000000, 'One-Block Wonders Cubed!', 'Maxine Rosenthal', '2015-10-03', '21.14', 'Crafts-Hobbies', '1.12', 1, 'https://d1w7fb2mkkr3kw.cloudfront.net/assets/images/book/mid/9781/5712/9781571208347.jpg', 23, 'Westland Publications'),
(8100690000000, 'Outlaws Inc.', 'Matt Potter', '2015-10-03', '20.25', 'Transport', '1.43', 10, 'https://d1w7fb2mkkr3kw.cloudfront.net/assets/images/book/mid/9780/3305/9780330531665.jpg', 49, 'MacMillan Publishers'),
(8104860000000, 'The Four Legendary Kingdoms', 'Matthew Reilly', '2015-10-03', '8.36', 'Crime-Thriller', '3.50', 3, 'https://d1w7fb2mkkr3kw.cloudfront.net/assets/images/book/mid/9781/4091/9781409167136.jpg', 10, 'Kodansha'),
(8105120000000, 'Venetia', 'Georgette Heyer', '2015-10-03', '9.71', 'Crime-Thriller', '1.90', 3, 'https://d1w7fb2mkkr3kw.cloudfront.net/assets/images/book/mid/9780/0994/9780099465652.jpg', 33, 'Pearson'),
(8106510000000, 'Infidel', 'Ayaan Hirsi Ali', '2015-10-03', '9.05', 'Religion', '4.22', 2, 'https://d1w7fb2mkkr3kw.cloudfront.net/assets/images/book/mid/9781/4165/9781416526247.jpg', 32, 'Westland Publications'),
(8108200000000, 'Talk Like TED', 'Carmine Gallo', '2015-10-03', '8.47', 'Business-Finance-Law', '3.27', 2, 'https://d1w7fb2mkkr3kw.cloudfront.net/assets/images/book/mid/9781/5098/9781509867394.jpg', 38, 'Cengage'),
(8110080000000, 'Art Forms in Nature: The Prints of Ernst Haeckel', 'Ernst Haeckel', '2015-10-03', '18.40', 'Natural-History', '2.50', 4, 'https://d1w7fb2mkkr3kw.cloudfront.net/assets/images/book/mid/9783/7913/9783791319902.jpg', 38, 'Westland Publications'),
(8114540000000, 'Ariel', 'Sylvia Plath', '2015-10-03', '8.24', 'Biography', '1.13', 7, 'https://d1w7fb2mkkr3kw.cloudfront.net/assets/images/book/mid/9780/5713/9780571322725.jpg', 47, 'Tata McGraw '),
(8114880000000, 'Embracing Our Selves', 'Hal Stone', '2015-10-03', '12.81', 'Reference', '3.69', 8, 'https://d1w7fb2mkkr3kw.cloudfront.net/assets/images/book/mid/9781/8825/9781882591060.jpg', 35, 'Jaico '),
(8122730000000, 'Promise Me You\'ll Shoot Yourself: The Mass Suicide of Ordinary Germans in 1945', 'Florian Huber', '2015-10-03', '21.94', 'History-Archaeology', '2.78', 3, 'https://d1w7fb2mkkr3kw.cloudfront.net/assets/images/book/mid/9781/9257/9781925773699.jpg', 31, 'Jaico '),
(8123970000000, 'The Lego Mindstorms Ev3 Idea Book', 'Yoshihito Isogawa', '2015-10-03', '20.87', 'Crafts-Hobbies', '3.88', 8, 'https://d1w7fb2mkkr3kw.cloudfront.net/assets/images/book/mid/9781/5932/9781593276003.jpg', 50, 'Oxford University Press'),
(8124500000000, 'Tom Clancy\'s The Division', 'Ubisoft Entertainment', '2015-10-03', '16.91', 'Computing', '1.10', 9, 'https://d1w7fb2mkkr3kw.cloudfront.net/assets/images/book/mid/9781/4521/9781452148274.jpg', 34, 'Harper Collins'),
(8125500000000, 'Gweilo: Memories Of A Hong Kong Childhood', 'Martin Booth', '2015-10-03', '9.88', 'Biography', '2.66', 2, 'https://d1w7fb2mkkr3kw.cloudfront.net/assets/images/book/mid/9780/5538/9780553816723.jpg', 45, 'Am Cat Pro'),
(8126040000000, 'Dr Bernstein\'s Diabetes Solution', 'Dr. Richard K. Bernstein', '2015-10-03', '21.41', 'Medical', '2.19', 2, 'https://d1w7fb2mkkr3kw.cloudfront.net/assets/images/book/mid/9780/3161/9780316182690.jpg', 48, 'Tinkle'),
(8126050000000, 'A Week at the Airport', 'Alain de Botton', '2015-10-03', '15.73', 'Transport', '3.23', 8, 'https://d1w7fb2mkkr3kw.cloudfront.net/assets/images/book/mid/9780/3077/9780307739674.jpg', 27, 'Penguin Publishers'),
(8128450000000, 'Flower Therapy Oracle Cards', 'Doreen Virtue', '2015-10-03', '12.57', 'Mind-Body-Spirit', '3.56', 2, 'https://d1w7fb2mkkr3kw.cloudfront.net/assets/images/book/mid/9781/4019/9781401942601.jpg', 37, 'Jaico '),
(8128820000000, 'Committed', 'Elizabeth Gilbert', '2015-10-03', '11.00', 'Biography', '1.75', 7, 'https://d1w7fb2mkkr3kw.cloudfront.net/assets/images/book/mid/9781/4088/9781408809457.jpg', 39, 'Klett'),
(8130730000000, 'DK Eyewitness Top 10 Singapore', 'DK Eyewitness', '2015-10-03', '9.46', 'Travel-Holiday-Guides', '4.92', 7, 'https://d1w7fb2mkkr3kw.cloudfront.net/assets/images/book/mid/9780/2412/9780241296264.jpg', 33, 'Oxford University Press'),
(8132040000000, 'Saga Volume 1', 'Brian K. Vaughan', '2015-10-03', '9.52', 'Science-Fiction-Fantasy-Horror', '1.23', 2, 'https://d1w7fb2mkkr3kw.cloudfront.net/assets/images/book/mid/9781/6070/9781607066019.jpg', 35, 'Kodansha'),
(8135870000000, 'Garden Party!', 'Robin J. Baker', '2015-10-03', '5.04', 'Natural-History', '1.57', 8, 'https://d1w7fb2mkkr3kw.cloudfront.net/assets/images/book/mid/9780/4864/9780486480350.jpg', 28, 'Oxford University Press'),
(8138840000000, 'The Tea Planter\'s Wife', 'Dinah Jefferies', '2015-10-03', '7.54', 'Romance', '3.20', 7, 'https://d1w7fb2mkkr3kw.cloudfront.net/assets/images/book/mid/9780/2419/9780241969557.jpg', 35, 'Cengage'),
(8139950000000, 'Free Will', 'Sam Harris', '2015-10-03', '6.90', 'Science-Geography', '2.09', 3, 'https://d1w7fb2mkkr3kw.cloudfront.net/assets/images/book/mid/9781/4516/9781451683400.jpg', 30, 'Penguin Publishers'),
(8147780000000, 'The Lord God Made Them All', 'James Herriot', '2015-10-03', '9.04', 'Technology-Engineering', '3.33', 1, 'https://d1w7fb2mkkr3kw.cloudfront.net/assets/images/book/mid/9781/4472/9781447226093.jpg', 31, 'Am Cat Pro'),
(8147800000000, 'To the River', 'Olivia Laing', '2015-10-03', '9.88', 'Travel-Holiday-Guides', '3.46', 2, 'https://d1w7fb2mkkr3kw.cloudfront.net/assets/images/book/mid/9781/7868/9781786891587.jpg', 21, 'Tata McGraw '),
(8148540000000, 'Structures', 'J. Gordon', '2015-10-03', '17.33', 'Art-Photography', '1.47', 2, 'https://d1w7fb2mkkr3kw.cloudfront.net/assets/images/book/mid/9780/3068/9780306812835.jpg', 16, 'Tinkle'),
(8154960000000, 'Re:ZERO -Starting Life in Another World-, Vol. 1 (light novel)', 'Tappei Nagatsuki', '2015-10-03', '11.19', 'Science-Fiction-Fantasy-Horror', '1.61', 6, 'https://d1w7fb2mkkr3kw.cloudfront.net/assets/images/book/mid/9780/3163/9780316315302.jpg', 29, 'Kodansha'),
(8155580000000, 'The Patient Assassin', 'Anita Anand', '2015-10-03', '18.52', 'History-Archaeology', '1.89', 4, 'https://d1w7fb2mkkr3kw.cloudfront.net/assets/images/book/mid/9781/4711/9781471174216.jpg', 49, 'Kodansha'),
(8157470000000, 'Coaching for Performance', 'John Whitmore', '2015-10-03', '15.65', 'Personal-Development', '3.51', 7, 'https://d1w7fb2mkkr3kw.cloudfront.net/assets/images/book/mid/9781/4736/9781473658127.jpg', 49, 'Kodansha'),
(8157910000000, 'The Whole-Brain Child Workbook', 'Daniel J. Siegel', '2015-10-03', '18.57', 'Health', '4.20', 7, 'https://d1w7fb2mkkr3kw.cloudfront.net/assets/images/book/mid/9781/9361/9781936128747.jpg', 11, 'Springer'),
(8162710000000, 'Road Racer', 'Michael Dunlop', '2015-10-03', '8.90', 'Transport', '2.49', 2, 'https://d1w7fb2mkkr3kw.cloudfront.net/assets/images/book/mid/9781/7824/9781782439097.jpg', 43, 'Tata McGraw '),
(8163250000000, 'The Horse Dancer', 'Jojo Moyes', '2015-10-03', '9.48', 'Romance', '1.89', 10, 'https://d1w7fb2mkkr3kw.cloudfront.net/assets/images/book/mid/9780/3409/9780340961605.jpg', 42, 'Klett'),
(8166790000000, 'First Book About The Orchestra', 'Sam Taplin', '2015-10-03', '11.86', 'Childrens-Books', '3.99', 3, 'https://d1w7fb2mkkr3kw.cloudfront.net/assets/images/book/mid/9781/4095/9781409597667.jpg', 16, 'Harper Collins'),
(8167390000000, 'After Cleo, Came Jonah', 'Helen Brown', '2015-10-03', '8.43', 'Natural-History', '3.45', 8, 'https://d1w7fb2mkkr3kw.cloudfront.net/assets/images/book/mid/9781/4447/9781444736717.jpg', 37, 'Klett'),
(8167940000000, 'The Next 100 Years', 'George Friedman', '2015-10-03', '10.43', 'Business-Finance-Law', '4.38', 6, 'https://d1w7fb2mkkr3kw.cloudfront.net/assets/images/book/mid/9780/7490/9780749007430.jpg', 32, 'Pearson'),
(8168940000000, 'Magic Bleeds', 'Ilona Andrews', '2015-10-03', '7.40', 'Science-Fiction-Fantasy-Horror', '3.85', 7, 'https://d1w7fb2mkkr3kw.cloudfront.net/assets/images/book/mid/9780/4410/9780441018529.jpg', 33, 'Klett'),
(8169820000000, 'A Moveable Feast', 'Ernest Hemingway', '2015-10-03', '6.95', 'Biography', '2.55', 9, 'https://d1w7fb2mkkr3kw.cloudfront.net/assets/images/book/mid/9780/0999/9780099909408.jpg', 27, 'Cengage'),
(8171790000000, 'Moleskine Large Japanese Accordion Album', 'Moleskine', '2015-10-03', '12.38', 'Stationery', '3.14', 6, 'https://d1w7fb2mkkr3kw.cloudfront.net/assets/images/book/mid/9788/8629/9788862933094.jpg', 29, 'Pearson'),
(8179300000000, 'A Crown Imperiled', 'Raymond E Feist', '2015-10-03', '7.62', 'Science-Fiction-Fantasy-Horror', '3.69', 4, 'https://d1w7fb2mkkr3kw.cloudfront.net/assets/images/book/mid/9780/0614/9780061468421.jpg', 47, 'Wiley'),
(8184210000000, 'Essential Oils for Beginners', 'Althea Press', '2015-10-03', '7.50', 'Mind-Body-Spirit', '1.00', 5, 'https://d1w7fb2mkkr3kw.cloudfront.net/assets/images/book/mid/9781/6231/9781623152390.jpg', 31, 'Am Cat Pro'),
(8186910000000, 'Plant Society', 'Jason Chongue', '2015-10-03', '16.03', 'Home-Garden', '1.97', 5, 'https://d1w7fb2mkkr3kw.cloudfront.net/assets/images/book/mid/9781/7437/9781743793435.jpg', 39, 'Jaico '),
(8190180000000, 'The Great Railway Bazaar', 'Paul Theroux', '2015-10-03', '11.23', 'Travel-Holiday-Guides', '4.74', 2, 'https://d1w7fb2mkkr3kw.cloudfront.net/assets/images/book/mid/9780/1411/9780141189147.jpg', 45, 'Pearson'),
(8191890000000, 'The Times Britain\'s Hidden Railways', 'Julian Holland', '2015-10-03', '32.51', 'Transport', '3.73', 1, 'https://d1w7fb2mkkr3kw.cloudfront.net/assets/images/book/mid/9780/0082/9780008249090.jpg', 12, 'Kodansha'),
(8194060000000, 'Daring & Disruptive', 'Lisa Messenger', '2015-10-03', '18.86', 'Biography', '2.85', 5, 'https://d1w7fb2mkkr3kw.cloudfront.net/assets/images/book/mid/9780/9870/9780987097460.jpg', 20, 'Harper Collins'),
(8194200000000, 'The Face of Battle', 'John Keegan', '2015-10-03', '15.02', 'Technology-Engineering', '2.97', 9, 'https://d1w7fb2mkkr3kw.cloudfront.net/assets/images/book/mid/9780/1400/9780140048971.jpg', 39, 'Harper Collins'),
(8199000000000, 'Harry Potter Locket Horcrux Kit and Sticker Book', 'Running Press', '2015-10-03', '5.95', 'Humour', '1.33', 2, 'https://d1w7fb2mkkr3kw.cloudfront.net/assets/images/book/mid/9780/7624/9780762441853.jpg', 29, 'Springer'),
(8200100000000, 'The Monocle Guide to Cosy Homes', 'Monocle', '2015-10-03', '38.10', 'Art-Photography', '2.99', 6, 'https://d1w7fb2mkkr3kw.cloudfront.net/assets/images/book/mid/9783/8995/9783899555608.jpg', 10, 'Cengage'),
(8200320000000, 'How to Read Literature Like a Professor Revised Edition', 'Thomas C. Foster', '2015-10-03', '10.03', 'Poetry-Drama', '4.39', 2, 'https://d1w7fb2mkkr3kw.cloudfront.net/assets/images/book/mid/9780/0623/9780062301673.jpg', 28, 'Wiley'),
(8201100000000, 'The 100-Year Life', 'Lynda Gratton', '2015-10-03', '15.41', 'Business-Finance-Law', '1.15', 3, 'https://d1w7fb2mkkr3kw.cloudfront.net/assets/images/book/mid/9781/4729/9781472947321.jpg', 38, 'Pearson'),
(8203920000000, 'The Last Straw (Diary of a Wimpy Kid book 3)', 'Jeff Kinney', '2015-10-03', '6.99', 'Childrens-Books', '4.50', 1, 'https://d1w7fb2mkkr3kw.cloudfront.net/assets/images/book/mid/9780/1413/9780141324920.jpg', 19, 'Shueisha'),
(8204370000000, 'Chernobyl 01:23:40', 'Andrew Leatherbarrow', '2015-10-03', '12.01', 'Science-Geography', '3.27', 3, 'https://d1w7fb2mkkr3kw.cloudfront.net/assets/images/book/mid/9780/9935/9780993597503.jpg', 41, 'Shueisha'),
(8205300000000, 'Walden', 'Henry David Thoreau', '2015-10-03', '7.93', 'Natural-History', '4.48', 10, 'https://d1w7fb2mkkr3kw.cloudfront.net/assets/images/book/mid/9780/1995/9780199538065.jpg', 13, 'Tata McGraw '),
(8212550000000, 'Vegan Cupcakes Take Over the World', 'Isa Chandra Moskowitz', '2015-10-03', '15.07', 'Food-Drink', '4.21', 6, 'https://d1w7fb2mkkr3kw.cloudfront.net/assets/images/book/mid/9781/5692/9781569242735.jpg', 12, 'Pearson'),
(8212980000000, 'Macbeth', 'William Shakespeare', '2015-10-03', '13.04', 'Poetry-Drama', '2.41', 2, 'https://d1w7fb2mkkr3kw.cloudfront.net/assets/images/book/mid/9781/9042/9781904271413.jpg', 44, 'Penguin Publishers'),
(8214890000000, 'The Dog\'s Mind', 'Bruce Fogle', '2015-10-03', '19.03', 'Natural-History', '4.73', 8, 'https://d1w7fb2mkkr3kw.cloudfront.net/assets/images/book/mid/9780/8760/9780876055137.jpg', 38, 'Kodansha'),
(8219040000000, 'Ship of Gold in the Deep Blue Sea', 'Gary Kinder', '2015-10-03', '17.40', 'Transport', '3.35', 4, 'https://d1w7fb2mkkr3kw.cloudfront.net/assets/images/book/mid/9780/8021/9780802144256.jpg', 21, 'Pustak Mahal'),
(8219210000000, 'Fantastic Beasts and Where to Find Them', 'J. K. Rowling', '2015-10-03', '11.05', 'Teen-Young-Adult', '1.65', 9, 'https://d1w7fb2mkkr3kw.cloudfront.net/assets/images/book/mid/9781/4087/9781408708989.jpg', 42, 'Pearson'),
(8219330000000, 'Coco Chanel', 'Isabel Sanchez Vegara', '2015-10-03', '10.01', 'Childrens-Books', '2.12', 4, 'https://d1w7fb2mkkr3kw.cloudfront.net/assets/images/book/mid/9781/8478/9781847807717.jpg', 13, 'Shueisha'),
(8220290000000, 'A Random Walk Down Wall Street', 'Burton G. Malkiel', '2015-10-03', '15.81', 'Personal-Development', '1.87', 7, 'https://d1w7fb2mkkr3kw.cloudfront.net/assets/images/book/mid/9780/3933/9780393352245.jpg', 14, 'Tinkle'),
(8223020000000, 'The Plausibility Problem', NULL, '2015-10-03', '8.72', 'Religion', '4.83', 5, 'https://d1w7fb2mkkr3kw.cloudfront.net/assets/images/book/mid/9781/7835/9781783592067.jpg', 22, 'Bonnier Books'),
(8223450000000, 'Color Mixing Bible', 'Ian Sidaway', '2015-10-03', '18.49', 'Reference', '2.68', 1, 'https://d1w7fb2mkkr3kw.cloudfront.net/assets/images/book/mid/9780/8230/9780823007233.jpg', 10, 'Pustak Mahal'),
(8224170000000, 'Nov-09', 'Colleen Hoover', '2015-10-03', '8.17', 'Romance', '4.21', 4, 'https://d1w7fb2mkkr3kw.cloudfront.net/assets/images/book/mid/9781/4711/9781471154621.jpg', 31, 'MacMillan Publishers'),
(8224460000000, 'Sex Criminals Volume 1: One Weird Trick', 'Matt Fraction', '2015-10-03', '8.84', 'Science-Fiction-Fantasy-Horror', '3.36', 6, 'https://d1w7fb2mkkr3kw.cloudfront.net/assets/images/book/mid/9781/6070/9781607069461.jpg', 43, 'Wiley'),
(8227200000000, 'How To Get Dressed', 'Alison Freer', '2015-10-03', '13.73', 'Home-Garden', '2.88', 6, 'https://d1w7fb2mkkr3kw.cloudfront.net/assets/images/book/mid/9781/6077/9781607747062.jpg', 49, 'MacMillan Publishers'),
(8228920000000, 'Green Arrow', 'Andy Diggle', '2015-10-03', '11.00', 'Graphic-Novels-Anime-Manga', '2.78', 3, 'https://d1w7fb2mkkr3kw.cloudfront.net/assets/images/book/mid/9781/4012/9781401217433.jpg', 37, 'Westland Publications'),
(8231170000000, 'A Practical Wedding', 'Meg Keene', '2015-10-03', '13.54', 'Home-Garden', '1.24', 8, 'https://d1w7fb2mkkr3kw.cloudfront.net/assets/images/book/mid/9780/7382/9780738215150.jpg', 38, 'Cengage'),
(8231380000000, 'Empath\'s Survival Guide,The', 'Judith Orloff', '2015-10-03', '13.82', 'Mind-Body-Spirit', '1.97', 6, 'https://d1w7fb2mkkr3kw.cloudfront.net/assets/images/book/mid/9781/6836/9781683642114.jpg', 25, 'Tata McGraw '),
(8233960000000, 'The Brilliant World of Tom Gates', 'Liz Pichon', '2015-10-03', '11.24', 'Humour', '4.18', 3, 'https://d1w7fb2mkkr3kw.cloudfront.net/assets/images/book/mid/9781/4071/9781407120690.jpg', 49, 'Pearson'),
(8234540000000, 'How to be Champion', 'Sarah Millican', '2015-10-03', '8.35', 'Humour', '2.67', 4, 'https://d1w7fb2mkkr3kw.cloudfront.net/assets/images/book/mid/9781/4091/9781409174325.jpg', 20, 'Klett'),
(8237210000000, 'Girl Online', 'Zoe Sugg', '2015-10-03', '8.38', 'Teen-Young-Adult', '1.07', 1, 'https://d1w7fb2mkkr3kw.cloudfront.net/assets/images/book/mid/9780/1413/9780141364155.jpg', 34, 'Oxford University Press'),
(8238390000000, 'Better Aerobatics: v.1', 'Alan Cassidy', '2015-10-03', '44.20', 'Transport', '1.22', 7, 'https://d1w7fb2mkkr3kw.cloudfront.net/assets/images/book/mid/9780/9544/9780954481407.jpg', 38, 'Kodansha'),
(8238890000000, 'Charlotte\'s Web', 'E B White', '2015-10-03', '9.47', 'Childrens-Books', '1.15', 7, 'https://d1w7fb2mkkr3kw.cloudfront.net/assets/images/book/mid/9780/0611/9780061124952.jpg', 26, 'Tata McGraw '),
(8240650000000, 'Idaho', 'Emily Ruskovich', '2015-10-03', '10.48', 'Crime-Thriller', '3.47', 3, 'https://d1w7fb2mkkr3kw.cloudfront.net/assets/images/book/mid/9780/0995/9780099593959.jpg', 33, 'Harper Collins'),
(8241950000000, 'Bad Science', 'Ben Goldacre', '2015-10-03', '9.68', 'Science-Geography', '2.95', 7, 'https://d1w7fb2mkkr3kw.cloudfront.net/assets/images/book/mid/9780/0072/9780007284870.jpg', 19, 'Pustak Mahal'),
(8242980000000, 'Way of the Peaceful Warrior', 'Dan Millman', '2015-10-03', '13.19', 'Religion', '4.78', 3, 'https://d1w7fb2mkkr3kw.cloudfront.net/assets/images/book/mid/9781/9320/9781932073201.jpg', 13, 'Tinkle'),
(8243150000000, 'Japanese Secret Projects: Experimental Aircraft of the IJA and IJN 1922-1945: Book 2', 'Edwin M. Dyer', '2015-10-03', '25.39', 'Transport', '4.84', 6, 'https://d1w7fb2mkkr3kw.cloudfront.net/assets/images/book/mid/9781/9065/9781906537418.jpg', 12, 'Simon & Schuster'),
(8243840000000, 'Vascular System and Viscera Anatomical Chart', 'Anatomical Chart Company', '2015-10-03', '12.71', 'Medical', '4.90', 4, 'https://d1w7fb2mkkr3kw.cloudfront.net/assets/images/book/mid/9781/5877/9781587790775.jpg', 11, 'Tata McGraw '),
(8243860000000, 'Sapiens', 'Yuval Noah Harari', '2015-10-03', '27.07', 'History-Archaeology', '3.32', 9, 'https://d1w7fb2mkkr3kw.cloudfront.net/assets/images/book/mid/9780/0623/9780062316097.jpg', 40, 'Tata McGraw '),
(8244750000000, 'The End', 'Ian Kershaw', '2015-10-03', '13.88', 'History-Archaeology', '3.81', 7, 'https://d1w7fb2mkkr3kw.cloudfront.net/assets/images/book/mid/9780/1410/9780141014210.jpg', 42, 'Wiley'),
(8245590000000, 'More Letters of Note', 'Shaun Usher', '2015-10-03', '32.46', 'Dictionaries-Languages', '3.81', 3, 'https://d1w7fb2mkkr3kw.cloudfront.net/assets/images/book/mid/9781/7821/9781782114543.jpg', 47, 'Kodansha'),
(8252340000000, 'Open', 'Andre Agassi', '2015-10-03', '11.97', 'Sport', '4.60', 3, 'https://d1w7fb2mkkr3kw.cloudfront.net/assets/images/book/mid/9780/3073/9780307388407.jpg', 41, 'Pearson'),
(8252590000000, 'The Lego Mindstorms Ev3 Laboratory', 'Daniele Benedettelli', '2015-10-03', '29.92', 'Technology-Engineering', '3.50', 7, 'https://d1w7fb2mkkr3kw.cloudfront.net/assets/images/book/mid/9781/5932/9781593275334.jpg', 41, 'Bonnier Books'),
(8253400000000, 'Rod: The Autobiography', 'Rod Stewart', '2015-10-03', '7.47', 'Entertainment', '1.62', 5, 'https://d1w7fb2mkkr3kw.cloudfront.net/assets/images/book/mid/9780/0995/9780099574750.jpg', 19, 'Tata McGraw '),
(8254810000000, 'She Said', 'Jodi Kantor', '2015-10-03', '16.21', 'Dictionaries-Languages', '4.13', 2, 'https://d1w7fb2mkkr3kw.cloudfront.net/assets/images/book/mid/9781/5266/9781526603272.jpg', 36, 'Springer'),
(8254900000000, 'Meetings with Remarkable Manuscripts', 'Christopher De Hamel', '2015-10-03', '33.01', 'History-Archaeology', '3.47', 3, 'https://d1w7fb2mkkr3kw.cloudfront.net/assets/images/book/mid/9780/2410/9780241003046.jpg', 47, 'Bonnier Books'),
(8256400000000, 'Winnie-the-Pooh: Deep Thoughts & Ponderings for the Wise', 'A. A. Milne', '2015-10-03', '7.28', 'Humour', '1.30', 7, 'https://d1w7fb2mkkr3kw.cloudfront.net/assets/images/book/mid/9781/4052/9781405291965.jpg', 18, 'Harper Collins'),
(8260420000000, 'The Forgotten Highlander', 'Alistair Urquhart', '2015-10-03', '7.58', 'Biography', '2.16', 2, 'https://d1w7fb2mkkr3kw.cloudfront.net/assets/images/book/mid/9780/3491/9780349122571.jpg', 11, 'Shueisha'),
(8264580000000, 'Regarding the Pain of Others', 'Susan Sontag', '2015-10-03', '8.15', 'Society-Social-Sciences', '1.94', 2, 'https://d1w7fb2mkkr3kw.cloudfront.net/assets/images/book/mid/9780/1410/9780141012377.jpg', 31, 'Kodansha'),
(8265190000000, 'Platform', 'Michael Hyatt', '2015-10-03', '14.50', 'Computing', '4.48', 1, 'https://d1w7fb2mkkr3kw.cloudfront.net/assets/images/book/mid/9781/5955/9781595555038.jpg', 32, 'Springer'),
(8266360000000, 'The Baby Sleep Solution', 'Lucy S. Wolfe', '2015-10-03', '13.48', 'Childrens-Books', '1.52', 7, 'https://d1w7fb2mkkr3kw.cloudfront.net/assets/images/book/mid/9780/7171/9780717171545.jpg', 49, 'Egmont'),
(8268040000000, 'My Hero Academia, Vol. 11', 'Kohei Horikoshi', '2015-10-03', '6.55', 'Graphic-Novels-Anime-Manga', '4.42', 7, 'https://d1w7fb2mkkr3kw.cloudfront.net/assets/images/book/mid/9781/4215/9781421595832.jpg', 41, 'Oxford University Press'),
(8269060000000, 'Baking Bad', 'Walter Wheat', '2015-10-03', '10.55', 'Humour', '3.77', 6, 'https://d1w7fb2mkkr3kw.cloudfront.net/assets/images/book/mid/9781/4091/9781409157564.jpg', 28, 'Egmont'),
(8269380000000, 'Long and Short Stitch Embroidery', 'Trish Burr', '2015-10-03', '19.62', 'Crafts-Hobbies', '3.38', 8, 'https://d1w7fb2mkkr3kw.cloudfront.net/assets/images/book/mid/9781/8635/9781863513524.jpg', 24, 'Tata McGraw '),
(8272050000000, 'Russian Criminal Tattoo Encyclopaedia Volume II', 'Danzig Baldaev', '2015-10-03', '19.28', 'Biography', '3.26', 5, 'https://d1w7fb2mkkr3kw.cloudfront.net/assets/images/book/mid/9780/9550/9780955006128.jpg', 15, 'Kodansha'),
(8272540000000, 'The Scramble For Africa', 'Thomas Pakenham', '2015-10-03', '11.23', 'History-Archaeology', '2.68', 3, 'https://d1w7fb2mkkr3kw.cloudfront.net/assets/images/book/mid/9780/3491/9780349104492.jpg', 38, 'Springer'),
(8272670000000, 'Blockchain Basics', 'Daniel Drescher', '2015-10-03', '51.72', 'Reference', '2.83', 8, 'https://d1w7fb2mkkr3kw.cloudfront.net/assets/images/book/mid/9781/4842/9781484226032.jpg', 43, 'Shueisha'),
(8273890000000, 'Building Simple Model Steam Engines', 'Tubal Cain', '2015-10-03', '7.84', 'Transport', '2.83', 6, 'https://d1w7fb2mkkr3kw.cloudfront.net/assets/images/book/mid/9781/8548/9781854861047.jpg', 28, 'MacMillan Publishers'),
(8274170000000, 'Johanna\'s Christmas', 'Johanna Basford', '2015-10-03', '13.28', 'Medical', '4.74', 7, 'https://d1w7fb2mkkr3kw.cloudfront.net/assets/images/book/mid/9780/7535/9780753557563.jpg', 41, 'Westland Publications'),
(8274760000000, 'RHS Propagating Plants', 'Alan R. Toogood', '2015-10-03', '24.35', 'Home-Garden', '3.86', 9, 'https://d1w7fb2mkkr3kw.cloudfront.net/assets/images/book/mid/9780/2413/9780241345696.jpg', 32, 'Pustak Mahal'),
(8276310000000, 'Legendary', 'Stephanie Garber', '2015-10-03', '14.48', 'Science-Fiction-Fantasy-Horror', '4.66', 7, 'https://d1w7fb2mkkr3kw.cloudfront.net/assets/images/book/mid/9781/4736/9781473629189.jpg', 25, 'Am Cat Pro'),
(8277690000000, 'Case Interview Secrets', 'Victor Cheng', '2015-10-03', '18.97', 'Business-Finance-Law', '2.26', 3, 'https://d1w7fb2mkkr3kw.cloudfront.net/assets/images/book/mid/9780/9841/9780984183524.jpg', 48, 'Westland Publications'),
(8279390000000, 'The Essential Neruda', 'Pablo Neruda', '2015-10-03', '14.70', 'Poetry-Drama', '4.23', 5, 'https://d1w7fb2mkkr3kw.cloudfront.net/assets/images/book/mid/9780/8728/9780872864283.jpg', 47, 'Oxford University Press'),
(8280690000000, 'Grit', 'Angela Duckworth', '2015-10-03', '25.72', 'Teaching-Resources-Education', '1.75', 5, 'https://d1w7fb2mkkr3kw.cloudfront.net/assets/images/book/mid/9781/5011/9781501111105.jpg', 34, 'Kodansha'),
(8280780000000, 'The 104-Storey Treehouse', 'Andy Griffiths', '2015-10-03', '6.62', 'Childrens-Books', '2.32', 2, 'https://d1w7fb2mkkr3kw.cloudfront.net/assets/images/book/mid/9781/5098/9781509833771.jpg', 50, 'Wiley'),
(8282140000000, 'Twelve Shakespeare Bookmarks', 'Steven James Petruccio', '2015-10-03', '2.81', 'Home-Garden', '4.20', 2, 'https://d1w7fb2mkkr3kw.cloudfront.net/assets/images/book/mid/9780/4864/9780486436760.jpg', 40, 'Westland Publications'),
(8282270000000, 'Flat Earth News', 'Nick Davies', '2015-10-03', '10.92', 'Reference', '2.35', 5, 'https://d1w7fb2mkkr3kw.cloudfront.net/assets/images/book/mid/9780/0995/9780099512684.jpg', 13, 'Tata McGraw '),
(8282690000000, 'Stalin', 'Simon Sebag Montefiore', '2015-10-03', '13.28', 'History-Archaeology', '1.29', 3, 'https://d1w7fb2mkkr3kw.cloudfront.net/assets/images/book/mid/9781/7802/9781780228358.jpg', 16, 'Shueisha'),
(8283310000000, 'Armchair Guide to Property Investing', 'Bryce Holdaway', '2015-10-03', '17.30', 'Business-Finance-Law', '4.15', 8, 'https://d1w7fb2mkkr3kw.cloudfront.net/assets/images/book/mid/9780/9942/9780994256041.jpg', 23, 'Harper Collins'),
(8283640000000, 'The Way I Am', 'Eminem', '2015-10-03', '24.70', 'Art-Photography', '3.90', 9, 'https://d1w7fb2mkkr3kw.cloudfront.net/assets/images/book/mid/9780/4522/9780452296121.jpg', 12, 'Klett'),
(8284090000000, 'Where Did I Come From?', 'Peter Mayle', '2015-10-03', '9.51', 'Health', '4.90', 6, 'https://d1w7fb2mkkr3kw.cloudfront.net/assets/images/book/mid/9780/8184/9780818402531.jpg', 21, 'Pearson'),
(8287100000000, 'Schema Therapy in Practice', 'Arnoud Arntz', '2015-10-03', '41.31', 'Medical', '4.06', 8, 'https://d1w7fb2mkkr3kw.cloudfront.net/assets/images/book/mid/9781/1199/9781119962861.jpg', 50, 'Penguin Publishers'),
(8287460000000, 'Watchmaking', 'George Daniels', '2015-10-03', '53.72', 'Technology-Engineering', '4.57', 3, 'https://d1w7fb2mkkr3kw.cloudfront.net/assets/images/book/mid/9780/8566/9780856677045.jpg', 20, 'Egmont'),
(8289920000000, 'Guess How Much I Love You', 'Sam McBratney', '2015-10-03', '7.29', 'Childrens-Books', '2.73', 6, 'https://d1w7fb2mkkr3kw.cloudfront.net/assets/images/book/mid/9780/7636/9780763642648.jpg', 21, 'Springer'),
(8290040000000, 'Adobe InDesign CS6 Classroom in a Book', 'Adobe Creative Team', '2015-10-03', '24.85', 'Computing', '3.32', 3, 'https://d1w7fb2mkkr3kw.cloudfront.net/assets/images/book/mid/9780/3218/9780321822499.jpg', 40, 'Kodansha'),
(8291630000000, 'Vertical Milling in the Home Workshop', 'Arnold Throp', '2015-10-03', '7.71', 'Home-Garden', '3.01', 10, 'https://d1w7fb2mkkr3kw.cloudfront.net/assets/images/book/mid/9780/8524/9780852428436.jpg', 31, 'Cengage'),
(8293010000000, '12 Rules for Life', 'Jordan B. Peterson', '2015-10-03', '18.31', 'Society-Social-Sciences', '2.07', 10, 'https://d1w7fb2mkkr3kw.cloudfront.net/assets/images/book/mid/9780/2413/9780241351642.jpg', 50, 'Cengage'),
(8293930000000, 'Lonely Planet Brazil', 'Lonely Planet', '2015-10-03', '22.10', 'Travel-Holiday-Guides', '2.36', 3, 'https://d1w7fb2mkkr3kw.cloudfront.net/assets/images/book/mid/9781/7432/9781743217702.jpg', 31, 'Shueisha'),
(8295480000000, 'Lonely Planet\'s Best in Travel 2019', 'Lonely Planet', '2015-10-03', '12.09', 'Reference', '3.17', 6, 'https://d1w7fb2mkkr3kw.cloudfront.net/assets/images/book/mid/9781/7870/9781787017665.jpg', 36, 'Oxford University Press'),
(8297250000000, 'Social Research Methods', 'Maggie Walter', '2015-10-03', '44.75', 'Teaching-Resources-Education', '2.39', 9, 'https://d1w7fb2mkkr3kw.cloudfront.net/assets/images/book/mid/9780/1955/9780195520170.jpg', 36, 'Tinkle'),
(8300220000000, 'Growing Up With A Bucket Full Of Happiness', 'Carol McCloud', '2015-10-03', '8.69', 'Childrens-Books', '4.09', 3, 'https://d1w7fb2mkkr3kw.cloudfront.net/assets/images/book/mid/9781/9339/9781933916576.jpg', 41, 'Bonnier Books'),
(8305530000000, 'CLR via C#', 'Jeffrey Richter', '2015-10-03', '43.56', 'Computing', '2.33', 5, 'https://d1w7fb2mkkr3kw.cloudfront.net/assets/images/book/mid/9780/7356/9780735667457.jpg', 31, 'Oxford University Press'),
(8307400000000, 'Applied Cryptography', 'Bruce Schneier', '2015-10-03', '37.28', 'Computing', '1.69', 5, 'https://d1w7fb2mkkr3kw.cloudfront.net/assets/images/book/mid/9780/4711/9780471117094.jpg', 36, 'Tinkle'),
(8308110000000, 'A Gentleman in Moscow', 'Amor Towles', '2015-10-03', '18.68', 'Crime-Thriller', '3.17', 9, 'https://d1w7fb2mkkr3kw.cloudfront.net/assets/images/book/mid/9780/6700/9780670026197.jpg', 35, 'Penguin Publishers'),
(8310090000000, 'Collins Fungi Guide', 'Stefan T. Buczacki', '2015-10-03', '27.22', 'Reference', '1.78', 4, 'https://d1w7fb2mkkr3kw.cloudfront.net/assets/images/book/mid/9780/0074/9780007466481.jpg', 21, 'Kodansha'),
(8311200000000, 'Wes Anderson Collection, The', 'Matt Zoller Seitz', '2015-10-03', '47.89', 'Biography', '2.92', 8, 'https://d1w7fb2mkkr3kw.cloudfront.net/assets/images/book/mid/9780/8109/9780810997417.jpg', 39, 'Oxford University Press'),
(8311730000000, 'Yotsuba&!, Vol. 3', 'Kiyohiko Azuma', '2015-10-03', '10.33', 'Graphic-Novels-Anime-Manga', '1.09', 2, 'https://d1w7fb2mkkr3kw.cloudfront.net/assets/images/book/mid/9780/3160/9780316073905.jpg', 23, 'Pearson'),
(8312070000000, 'The Complete Peanuts 1959-1960', 'Charles M. Schulz', '2015-10-03', '21.26', 'Humour', '2.18', 6, 'https://d1w7fb2mkkr3kw.cloudfront.net/assets/images/book/mid/9781/8476/9781847671493.jpg', 19, 'Springer'),
(8313520000000, 'Couture Sewing Techniques', 'Claire B. Shaeffer', '2015-10-03', '22.54', 'Crafts-Hobbies', '2.94', 6, 'https://d1w7fb2mkkr3kw.cloudfront.net/assets/images/book/mid/9781/6008/9781600853357.jpg', 42, 'Klett'),
(8317730000000, 'Sheet Metal Fabrication', 'Eddie Paul', '2015-10-03', '18.56', 'Transport', '4.35', 6, 'https://d1w7fb2mkkr3kw.cloudfront.net/assets/images/book/mid/9780/7603/9780760327944.jpg', 45, 'Bonnier Books'),
(8319610000000, 'Lord of Shadows', 'Cassandra Clare', '2015-10-03', '20.14', 'Teen-Young-Adult', '3.39', 7, 'https://d1w7fb2mkkr3kw.cloudfront.net/assets/images/book/mid/9781/4424/9781442468405.jpg', 13, 'Tata McGraw '),
(8321400000000, 'Rome', 'Duncan Garwood', '2015-10-03', '18.60', 'Travel-Holiday-Guides', '3.68', 4, 'https://d1w7fb2mkkr3kw.cloudfront.net/assets/images/book/mid/9781/7417/9781741798562.jpg', 39, 'Bonnier Books'),
(8323110000000, 'Zen Golf', 'Joseph Parent', '2015-10-03', '12.72', 'Religion', '2.60', 4, 'https://d1w7fb2mkkr3kw.cloudfront.net/assets/images/book/mid/9780/0072/9780007205301.jpg', 42, 'Tinkle'),
(8331380000000, 'Head Strong', 'Dave Asprey', '2015-10-03', '18.92', 'Health', '4.39', 6, 'https://d1w7fb2mkkr3kw.cloudfront.net/assets/images/book/mid/9780/0626/9780062652416.jpg', 32, 'Cengage'),
(8331600000000, 'Inglorious Empire', 'Shashi Tharoor', '2015-10-03', '20.76', 'Business-Finance-Law', '3.68', 6, 'https://d1w7fb2mkkr3kw.cloudfront.net/assets/images/book/mid/9781/8490/9781849048088.jpg', 41, 'Tata McGraw '),
(8337600000000, 'The Cartoon Guide to Chemistry', 'Larry Gonick', '2015-10-03', '14.18', 'Humour', '2.21', 10, 'https://d1w7fb2mkkr3kw.cloudfront.net/assets/images/book/mid/9780/0609/9780060936778.jpg', 22, 'Springer'),
(8338050000000, 'Root Cellaring', 'Mike Bubel', '2015-10-03', '15.87', 'Home-Garden', '3.84', 8, 'https://d1w7fb2mkkr3kw.cloudfront.net/assets/images/book/mid/9780/8826/9780882667034.jpg', 48, 'Jaico '),
(8338130000000, 'C++ Concurrency in Action,2E', 'Anthony Williams', '2015-10-03', '42.58', 'Computing', '3.66', 6, 'https://d1w7fb2mkkr3kw.cloudfront.net/assets/images/book/mid/9781/6172/9781617294693.jpg', 29, 'Egmont'),
(8343590000000, 'Reading in the Wild', 'Donalyn Miller', '2015-10-03', '16.00', 'Teaching-Resources-Education', '4.83', 6, 'https://d1w7fb2mkkr3kw.cloudfront.net/assets/images/book/mid/9780/4709/9780470900307.jpg', 39, 'Am Cat Pro'),
(8344080000000, 'Dialogues and Essays', 'Seneca', '2015-10-03', '8.73', 'Poetry-Drama', '4.12', 7, 'https://d1w7fb2mkkr3kw.cloudfront.net/assets/images/book/mid/9780/1995/9780199552405.jpg', 21, 'Shueisha'),
(8345260000000, 'Fantastic Cities', 'Steve McDonald', '2015-10-03', '13.44', 'Art-Photography', '3.10', 6, 'https://d1w7fb2mkkr3kw.cloudfront.net/assets/images/book/mid/9781/4521/9781452149578.jpg', 18, 'MacMillan Publishers'),
(8350550000000, 'The Sandman Vol. 7 ( New Edition)', 'Neil Gaiman', '2015-10-03', '15.35', 'Graphic-Novels-Anime-Manga', '3.30', 6, 'https://d1w7fb2mkkr3kw.cloudfront.net/assets/images/book/mid/9781/4012/9781401232634.jpg', 38, 'MacMillan Publishers'),
(8352210000000, 'Penguin Bowling', 'Rebecca McCarthy', '2015-10-03', '6.02', 'Stationery', '3.74', 4, 'https://d1w7fb2mkkr3kw.cloudfront.net/assets/images/book/mid/9780/7624/9780762431908.jpg', 34, 'Klett'),
(8352720000000, 'My Bread', 'Jim Lahey', '2015-10-03', '23.77', 'Food-Drink', '1.64', 8, 'https://d1w7fb2mkkr3kw.cloudfront.net/assets/images/book/mid/9780/3930/9780393066302.jpg', 40, 'Klett'),
(8353190000000, 'Fleabag: The Original Play', 'Phoebe Waller-Bridge', '2015-10-03', '8.27', 'Poetry-Drama', '2.02', 9, 'https://d1w7fb2mkkr3kw.cloudfront.net/assets/images/book/mid/9781/8484/9781848426245.jpg', 16, 'Kodansha'),
(8353660000000, 'Hold on to Your Kids', 'Gordon Neufeld', '2015-10-03', '13.82', 'Health', '4.17', 1, 'https://d1w7fb2mkkr3kw.cloudfront.net/assets/images/book/mid/9780/3757/9780375760280.jpg', 27, 'Tata McGraw '),
(8355250000000, 'Guitar Basics', 'James Longworth', '2015-10-03', '11.08', 'Entertainment', '1.84', 5, 'https://d1w7fb2mkkr3kw.cloudfront.net/assets/images/book/mid/9780/5715/9780571532285.jpg', 18, 'Wiley'),
(8357790000000, 'The Complete Manual of Woodworking', 'Albert Jackson', '2015-10-03', '21.91', 'Crafts-Hobbies', '4.98', 4, 'https://d1w7fb2mkkr3kw.cloudfront.net/assets/images/book/mid/9780/6797/9780679766117.jpg', 12, 'Egmont'),
(8357830000000, 'The Godfather', 'Mario Puzo', '2015-10-03', '11.12', 'Crime-Thriller', '4.85', 2, 'https://d1w7fb2mkkr3kw.cloudfront.net/assets/images/book/mid/9780/0995/9780099528128.jpg', 10, 'Jaico '),
(8359570000000, 'The Return Journey', 'Maeve Binchy', '2015-10-03', '8.40', 'Romance', '2.99', 3, 'https://d1w7fb2mkkr3kw.cloudfront.net/assets/images/book/mid/9781/4091/9781409103462.jpg', 36, 'Pustak Mahal'),
(8361140000000, 'It Happened One Autumn', 'Lisa Kleypas', '2015-10-03', '6.41', 'Romance', '3.29', 10, 'https://d1w7fb2mkkr3kw.cloudfront.net/assets/images/book/mid/9780/0605/9780060562496.jpg', 26, 'Jaico '),
(8361600000000, 'The World According to Clarkson', 'Jeremy Clarkson', '2015-10-03', '9.36', 'Biography', '3.10', 3, 'https://d1w7fb2mkkr3kw.cloudfront.net/assets/images/book/mid/9780/1410/9780141017891.jpg', 49, 'Kodansha'),
(8363150000000, 'Dead Reckoning', 'Charlaine Harris', '2015-10-03', '7.31', 'Crime-Thriller', '4.09', 2, 'https://d1w7fb2mkkr3kw.cloudfront.net/assets/images/book/mid/9781/9370/9781937007355.jpg', 29, 'Bonnier Books'),
(8365190000000, 'Science in the Kitchen and the Art of Eating Well', 'Pellegrino Artusi', '2015-10-03', '39.36', 'Food-Drink', '1.65', 6, 'https://d1w7fb2mkkr3kw.cloudfront.net/assets/images/book/mid/9780/8020/9780802086570.jpg', 43, 'Harper Collins'),
(8366520000000, 'M Train', 'Patti Smith', '2015-10-03', '9.78', 'Art-Photography', '4.37', 7, 'https://d1w7fb2mkkr3kw.cloudfront.net/assets/images/book/mid/9781/4088/9781408867709.jpg', 33, 'Kodansha'),
(8371490000000, 'Avatar: The Last Airbender# The Search Part 1', 'Gene Luen Yang', '2015-10-03', '9.38', 'Graphic-Novels-Anime-Manga', '4.23', 6, 'https://d1w7fb2mkkr3kw.cloudfront.net/assets/images/book/mid/9781/6165/9781616550547.jpg', 21, 'Wiley'),
(8372300000000, 'Vietnam', 'Sir Max Hastings', '2015-10-03', '23.14', 'History-Archaeology', '3.28', 1, 'https://d1w7fb2mkkr3kw.cloudfront.net/assets/images/book/mid/9780/0081/9780008132996.jpg', 47, 'Westland Publications'),
(8373990000000, 'The New Encyclopedia of Snakes', 'Chris Mattison', '2015-10-03', '36.06', 'Natural-History', '2.75', 2, 'https://d1w7fb2mkkr3kw.cloudfront.net/assets/images/book/mid/9780/6911/9780691132952.jpg', 48, 'Am Cat Pro'),
(8375370000000, 'Assassin\'s Creed Odyssey', 'Tim Bogenn', '2015-10-03', '19.36', 'Computing', '2.95', 4, 'https://d1w7fb2mkkr3kw.cloudfront.net/assets/images/book/mid/9780/7440/9780744018936.jpg', 42, 'Oxford University Press'),
(8376440000000, 'The Asshole Survival Guide', 'Robert I. Sutton', '2015-10-03', '16.46', 'Teaching-Resources-Education', '3.17', 7, 'https://d1w7fb2mkkr3kw.cloudfront.net/assets/images/book/mid/9780/2412/9780241298992.jpg', 12, 'Springer'),
(8379620000000, 'The Architecture of Happiness', 'Alain de Botton', '2015-10-03', '10.90', 'Art-Photography', '1.13', 3, 'https://d1w7fb2mkkr3kw.cloudfront.net/assets/images/book/mid/9780/2419/9780241970058.jpg', 41, 'Cengage'),
(8386370000000, 'Thinking About It Only Makes It Worse', 'David Mitchell', '2015-10-03', '10.34', 'Humour', '4.49', 7, 'https://d1w7fb2mkkr3kw.cloudfront.net/assets/images/book/mid/9781/7833/9781783350575.jpg', 14, 'Oxford University Press'),
(8388640000000, 'Lover Awakened', 'J. R. Ward', '2015-10-03', '8.28', 'Crime-Thriller', '4.23', 10, 'https://d1w7fb2mkkr3kw.cloudfront.net/assets/images/book/mid/9780/4512/9780451219367.jpg', 37, 'Harper Collins'),
(8392470000000, 'Personal', 'Lee Child', '2015-10-03', '8.24', 'Crime-Thriller', '4.33', 7, 'https://d1w7fb2mkkr3kw.cloudfront.net/assets/images/book/mid/9780/8575/9780857502674.jpg', 31, 'Harper Collins'),
(8393060000000, 'The Code Book', 'Dr. Simon Singh', '2015-10-03', '9.55', 'Society-Social-Sciences', '4.61', 9, 'https://d1w7fb2mkkr3kw.cloudfront.net/assets/images/book/mid/9781/8570/9781857028898.jpg', 27, 'Klett'),
(8393900000000, 'English Vocabulary in Use: Advanced Book with Answers', 'Michael McCarthy', '2015-10-03', '24.83', 'Dictionaries-Languages', '1.11', 8, 'https://d1w7fb2mkkr3kw.cloudfront.net/assets/images/book/mid/9781/3166/9781316631171.jpg', 13, 'Oxford University Press'),
(8397370000000, 'AUTOCOURSE 2017/18 ANNUAL', 'Tony Dodgins', '2015-10-03', '76.72', 'Transport', '4.28', 5, 'https://d1w7fb2mkkr3kw.cloudfront.net/assets/images/book/mid/9781/9105/9781910584262.jpg', 10, 'Tinkle'),
(8398880000000, 'Bubishi', 'Patrick McCarthy', '2015-10-03', '18.96', 'Sport', '3.20', 1, 'https://d1w7fb2mkkr3kw.cloudfront.net/assets/images/book/mid/9784/8053/9784805313848.jpg', 48, 'Westland Publications'),
(8405360000000, 'About Language', 'Scott Thornbury', '2015-10-03', '28.73', 'Dictionaries-Languages', '3.78', 1, 'https://d1w7fb2mkkr3kw.cloudfront.net/assets/images/book/mid/9780/5214/9780521427203.jpg', 44, 'Klett'),
(8405570000000, 'Drunken Botanist : The Plants That Create the World\'s Great Drinks', 'Amy Stewart', '2015-10-03', '18.16', 'History-Archaeology', '4.98', 10, 'https://d1w7fb2mkkr3kw.cloudfront.net/assets/images/book/mid/9781/6162/9781616200466.jpg', 42, 'Wiley'),
(8406300000000, 'The Wahls Protocol', 'Terry Wahls', '2015-10-03', '22.77', 'Medical', '4.69', 5, 'https://d1w7fb2mkkr3kw.cloudfront.net/assets/images/book/mid/9781/5833/9781583335215.jpg', 39, 'Tinkle'),
(8407540000000, 'Textbook of Ayurveda', 'Vasant Lad', '2015-10-03', '33.72', 'Medical', '4.39', 4, 'https://d1w7fb2mkkr3kw.cloudfront.net/assets/images/book/mid/9781/8837/9781883725075.jpg', 43, 'Kodansha'),
(8408210000000, 'Good Night Stories for Rebel Girls', 'Elena Favilli', '2015-10-03', '20.86', 'Biography', '3.57', 10, 'https://d1w7fb2mkkr3kw.cloudfront.net/assets/images/book/mid/9780/1419/9780141986005.jpg', 10, 'Klett'),
(8409800000000, 'Batavia', 'Peter Fitzsimons', '2015-10-03', '26.57', 'History-Archaeology', '2.04', 4, 'https://d1w7fb2mkkr3kw.cloudfront.net/assets/images/book/mid/9781/8647/9781864711349.jpg', 49, 'Wiley'),
(8412380000000, 'Memories of Ice', 'Steven Erikson', '2015-10-03', '13.57', 'Science-Fiction-Fantasy-Horror', '3.39', 4, 'https://d1w7fb2mkkr3kw.cloudfront.net/assets/images/book/mid/9780/5538/9780553813128.jpg', 25, 'Oxford University Press'),
(8412570000000, 'Daisy Jones and The Six', 'TAYLOR JENKINS REID', '2015-10-03', '14.67', 'Romance', '1.35', 3, 'https://d1w7fb2mkkr3kw.cloudfront.net/assets/images/book/mid/9781/7863/9781786331502.jpg', 16, 'Penguin Publishers'),
(8416540000000, 'Bryan Peterson\'s Understanding Photography Field Guide', 'Bryan Peterson', '2015-10-03', '19.88', 'Computing', '2.84', 10, 'https://d1w7fb2mkkr3kw.cloudfront.net/assets/images/book/mid/9780/8174/9780817432256.jpg', 12, 'Simon & Schuster'),
(8416840000000, 'Nothing To Envy', 'Barbara Demick', '2015-10-03', '9.15', 'Society-Social-Sciences', '2.23', 5, 'https://d1w7fb2mkkr3kw.cloudfront.net/assets/images/book/mid/9781/8470/9781847081414.jpg', 11, 'Simon & Schuster'),
(8419680000000, 'F*ck Off, I\'m Coloring! Swear Word Coloring Book', 'Adult Coloring Books', '2015-10-03', '10.21', 'Crafts-Hobbies', '4.27', 7, 'https://d1w7fb2mkkr3kw.cloudfront.net/assets/images/book/mid/9781/9452/9781945260032.jpg', 50, 'Jaico '),
(8420080000000, 'How to Survive The End Of The World As We Know It', 'James Wesley Rawles', '2015-10-03', '10.08', 'Sport', '1.64', 5, 'https://d1w7fb2mkkr3kw.cloudfront.net/assets/images/book/mid/9780/1410/9780141049335.jpg', 41, 'Egmont'),
(8423020000000, 'Oxford Reading Tree: Level 7: More Stories A: The Hunt for Gold', 'Roderick Hunt', '2015-10-03', '6.40', 'Dictionaries-Languages', '1.49', 3, 'https://d1w7fb2mkkr3kw.cloudfront.net/assets/images/book/mid/9780/1984/9780198483182.jpg', 45, 'Oxford University Press'),
(8423830000000, 'Zombie Butts from Uranus!', 'Andy Griffiths', '2015-10-03', '6.98', 'Teen-Young-Adult', '1.94', 6, 'https://d1w7fb2mkkr3kw.cloudfront.net/assets/images/book/mid/9780/4394/9780439424707.jpg', 24, 'Westland Publications'),
(8424780000000, 'The Intent to Live', 'Larry Moss', '2015-10-03', '15.13', 'Personal-Development', '4.89', 10, 'https://d1w7fb2mkkr3kw.cloudfront.net/assets/images/book/mid/9780/5533/9780553381207.jpg', 19, 'Penguin Publishers'),
(8426210000000, 'The Penguin Dictionary of Classical Mythology', 'A. R. Maxwell-Hyslop', '2015-10-03', '13.50', 'Reference', '1.64', 2, 'https://d1w7fb2mkkr3kw.cloudfront.net/assets/images/book/mid/9780/1405/9780140512359.jpg', 41, 'Simon & Schuster');
INSERT INTO `books` (`isbn`, `title`, `author`, `publishedDate`, `price`, `genre`, `rating`, `quantity`, `bookCover`, `totalIssues`, `publisher`) VALUES
(8429960000000, 'Anatomy and Physiology For Dummies', 'Erin Odya', '2015-10-03', '17.15', 'Medical', '1.20', 6, 'https://d1w7fb2mkkr3kw.cloudfront.net/assets/images/book/mid/9781/1193/9781119345237.jpg', 21, 'Bonnier Books'),
(8431500000000, 'Coaching for Performance', 'John Whitmore', '2015-10-03', '15.65', 'Society-Social-Sciences', '2.97', 8, 'https://d1w7fb2mkkr3kw.cloudfront.net/assets/images/book/mid/9781/4736/9781473658127.jpg', 16, 'Springer'),
(8436220000000, 'The Adobe Photoshop Lightroom CC Book for Digital Photographers', 'Scott Kelby', '2015-10-03', '39.55', 'Computing', '1.85', 5, 'https://d1w7fb2mkkr3kw.cloudfront.net/assets/images/book/mid/9780/1339/9780133979794.jpg', 44, 'Pearson'),
(8440410000000, 'It', 'Alexa Chung', '2015-10-03', '0.00', 'Art-Photography', '3.70', 4, 'https://d1w7fb2mkkr3kw.cloudfront.net/assets/images/book/mid/9780/1419/9780141975740.jpg', 25, 'Pustak Mahal'),
(8445510000000, 'A Gift from Bob', 'James Bowen', '2015-10-03', '7.39', 'Religion', '2.59', 3, 'https://d1w7fb2mkkr3kw.cloudfront.net/assets/images/book/mid/9781/4736/9781473605800.jpg', 37, 'Pearson'),
(8446020000000, 'Meditations', 'Marcus Aurelius', '2015-10-03', '4.02', 'Poetry-Drama', '1.92', 1, 'https://d1w7fb2mkkr3kw.cloudfront.net/assets/images/book/mid/9780/4862/9780486298238.jpg', 44, 'Westland Publications'),
(8448420000000, 'Grit', 'Angela Duckworth', '2015-10-03', '10.62', 'Society-Social-Sciences', '2.29', 2, 'https://d1w7fb2mkkr3kw.cloudfront.net/assets/images/book/mid/9781/7850/9781785040207.jpg', 20, 'Egmont'),
(8452990000000, 'The Man in the Iron Mask', 'Alexandre Dumas', '2015-10-03', '4.72', 'Poetry-Drama', '4.48', 1, 'https://d1w7fb2mkkr3kw.cloudfront.net/assets/images/book/mid/9781/8402/9781840224351.jpg', 28, 'Bonnier Books'),
(8453590000000, 'How to Grow a Baby Journal', 'Clemmie Hooper', '2015-10-03', '16.59', 'Stationery', '3.63', 9, 'https://d1w7fb2mkkr3kw.cloudfront.net/assets/images/book/mid/9781/7850/9781785041617.jpg', 14, 'Harper Collins'),
(8456850000000, 'Handmade Weddings', 'Eunice Moyle', '2015-10-03', '21.02', 'Home-Garden', '2.43', 6, 'https://d1w7fb2mkkr3kw.cloudfront.net/assets/images/book/mid/9780/8118/9780811874502.jpg', 35, 'Bonnier Books'),
(8457150000000, 'Spice and Wolf, Vol. 1 (light novel)', 'Isuna Hasekura', '2015-10-03', '9.92', 'Science-Fiction-Fantasy-Horror', '2.42', 6, 'https://d1w7fb2mkkr3kw.cloudfront.net/assets/images/book/mid/9780/7595/9780759531048.jpg', 25, 'Cengage'),
(8458340000000, 'Man\'s Search For Meaning', 'Viktor E. Frankl', '2015-10-03', '13.18', 'History-Archaeology', '4.06', 2, 'https://d1w7fb2mkkr3kw.cloudfront.net/assets/images/book/mid/9781/8460/9781846042843.jpg', 10, 'Pustak Mahal'),
(8459840000000, 'Beowulf', 'Michael Alexander', '2015-10-03', '7.23', 'Poetry-Drama', '2.80', 9, 'https://d1w7fb2mkkr3kw.cloudfront.net/assets/images/book/mid/9780/1404/9780140449310.jpg', 24, 'Cengage'),
(8460550000000, 'Piano Adventures', 'Nancy Faber', '2015-10-03', '6.14', 'Entertainment', '1.31', 9, 'https://d1w7fb2mkkr3kw.cloudfront.net/assets/images/book/mid/9781/6167/9781616770976.jpg', 49, 'Jaico '),
(8462330000000, 'Essentials of Swedish Grammar', 'Ake Viberg', '2015-10-03', '13.71', 'Dictionaries-Languages', '3.82', 2, 'https://d1w7fb2mkkr3kw.cloudfront.net/assets/images/book/mid/9780/8442/9780844285399.jpg', 28, 'Pearson'),
(8463920000000, 'The Tao Of Wu', 'The RZA', '2015-10-03', '12.93', 'Entertainment', '2.49', 5, 'https://d1w7fb2mkkr3kw.cloudfront.net/assets/images/book/mid/9781/5944/9781594484858.jpg', 32, 'Kodansha'),
(8465760000000, 'Miller\'s Review of Critical Vaccine Studies', 'Neil Z. Miller', '2015-10-03', '16.48', 'Health', '1.59', 6, 'https://d1w7fb2mkkr3kw.cloudfront.net/assets/images/book/mid/9781/8812/9781881217404.jpg', 11, 'Egmont'),
(8466340000000, 'I Want My Hat Back', 'Jon Klassen', '2015-10-03', '0.00', 'Childrens-Books', '1.65', 4, 'https://d1w7fb2mkkr3kw.cloudfront.net/assets/images/book/mid/9780/7636/9780763655983.jpg', 18, 'Wiley'),
(8466600000000, 'Terrarium Craft', 'Amy Bryant Aiello', '2015-10-03', '15.79', 'Crafts-Hobbies', '1.39', 8, 'https://d1w7fb2mkkr3kw.cloudfront.net/assets/images/book/mid/9781/6046/9781604692341.jpg', 44, 'Penguin Publishers'),
(8468850000000, 'Shadows Of The Workhouse', 'Jennifer Worth', '2015-10-03', '8.04', 'Medical', '4.70', 9, 'https://d1w7fb2mkkr3kw.cloudfront.net/assets/images/book/mid/9780/7538/9780753825853.jpg', 29, 'Oxford University Press'),
(8469620000000, 'Mazda 3 2004-2011 (Aus)', 'Haynes Publishing', '2015-10-03', '28.07', 'Transport', '3.08', 9, 'https://d1w7fb2mkkr3kw.cloudfront.net/assets/images/book/mid/9781/5639/9781563929151.jpg', 49, 'Penguin Publishers'),
(8474210000000, 'Goodnight Moon', 'Margaret Wise Brown', '2015-10-03', '7.87', 'Childrens-Books', '3.68', 7, 'https://d1w7fb2mkkr3kw.cloudfront.net/assets/images/book/mid/9780/6940/9780694003617.jpg', 15, 'Cengage'),
(8479490000000, 'Harry Potter and the Prisoner of Azkaban', 'J. K. Rowling', '2015-10-03', '9.46', 'Graphic-Novels-Anime-Manga', '1.18', 3, 'https://d1w7fb2mkkr3kw.cloudfront.net/assets/images/book/mid/9781/4088/9781408855676.jpg', 31, 'Oxford University Press'),
(8482170000000, 'The Complete Book of Cacti and Succulents', 'Terry Hewitt', '2015-10-03', '17.22', 'Natural-History', '1.12', 5, 'https://d1w7fb2mkkr3kw.cloudfront.net/assets/images/book/mid/9780/7894/9780789416575.jpg', 27, 'Pustak Mahal'),
(8482340000000, 'On the Origin of Species', 'Charles Darwin', '2015-10-03', '5.67', 'Science-Geography', '2.34', 6, 'https://d1w7fb2mkkr3kw.cloudfront.net/assets/images/book/mid/9780/4864/9780486450063.jpg', 50, 'Pustak Mahal'),
(8483750000000, 'How Writing Works', 'Roslyn Petelin', '2015-10-03', '16.98', 'Dictionaries-Languages', '2.84', 10, 'https://d1w7fb2mkkr3kw.cloudfront.net/assets/images/book/mid/9781/9252/9781925266917.jpg', 26, 'Kodansha'),
(8488820000000, 'A Year in the Life of the Yorkshire Shepherdess', 'Amanda Owen', '2015-10-03', '7.59', 'Technology-Engineering', '4.09', 7, 'https://d1w7fb2mkkr3kw.cloudfront.net/assets/images/book/mid/9781/4472/9781447295266.jpg', 39, 'Wiley'),
(8489790000000, 'DK Eyewitness Travel Guide Sri Lanka', 'DK Publishing', '2015-10-03', '16.71', 'Travel-Holiday-Guides', '4.64', 7, 'https://d1w7fb2mkkr3kw.cloudfront.net/assets/images/book/mid/9780/2412/9780241209493.jpg', 10, 'Am Cat Pro'),
(8490330000000, 'In The Woods', 'Tana French', '2015-10-03', '10.71', 'Crime-Thriller', '2.57', 5, 'https://d1w7fb2mkkr3kw.cloudfront.net/assets/images/book/mid/9781/4447/9781444744217.jpg', 10, 'Jaico '),
(8490360000000, 'Archangel\'s Consort', 'Nalini Singh', '2015-10-03', '7.27', 'Romance', '4.25', 2, 'https://d1w7fb2mkkr3kw.cloudfront.net/assets/images/book/mid/9780/4252/9780425240137.jpg', 16, 'Harper Collins'),
(8491940000000, 'Twelfth Night', 'Vicki Wienand', '2015-10-03', '11.98', 'Teaching-Resources-Education', '2.74', 6, 'https://d1w7fb2mkkr3kw.cloudfront.net/assets/images/book/mid/9781/1076/9781107615359.jpg', 24, 'Am Cat Pro'),
(8493500000000, 'A Dozen A Day Book Two', NULL, '2015-10-03', '7.19', 'Entertainment', '2.18', 1, 'https://d1w7fb2mkkr3kw.cloudfront.net/assets/images/book/mid/9780/7119/9780711961456.jpg', 23, 'Cengage'),
(8496070000000, 'Lonely Planet Ireland', 'Lonely Planet', '2015-10-03', '17.49', 'Travel-Holiday-Guides', '3.43', 2, 'https://d1w7fb2mkkr3kw.cloudfront.net/assets/images/book/mid/9781/7865/9781786574459.jpg', 44, 'Wiley'),
(8496440000000, 'Reading Journal', 'Potter Style', '2015-10-03', '10.56', 'Stationery', '4.16', 4, 'https://d1w7fb2mkkr3kw.cloudfront.net/assets/images/book/mid/9780/3075/9780307591661.jpg', 26, 'Tata McGraw '),
(8500140000000, 'Nausicaa of the Valley of the Wind, Vol. 1', 'Hayao Miyazaki', '2015-10-03', '8.49', 'Graphic-Novels-Anime-Manga', '3.55', 2, 'https://d1w7fb2mkkr3kw.cloudfront.net/assets/images/book/mid/9781/5911/9781591164081.jpg', 49, 'Penguin Publishers'),
(8503210000000, 'Fun Home', 'Alison Bechdel', '2015-10-03', '14.86', 'Biography', '1.02', 1, 'https://d1w7fb2mkkr3kw.cloudfront.net/assets/images/book/mid/9780/6188/9780618871711.jpg', 21, 'Oxford University Press'),
(8504810000000, 'The Yoga Sutras of Patanjali', 'Edwin F. Bryant', '2015-10-03', '20.82', 'Society-Social-Sciences', '1.56', 9, 'https://d1w7fb2mkkr3kw.cloudfront.net/assets/images/book/mid/9780/8654/9780865477360.jpg', 47, 'Pearson'),
(8510450000000, 'Kaleidoscope Sticker Mosaics: Neon Nature', 'Hinkler Books', '2015-10-03', '13.72', 'Stationery', '1.93', 6, 'https://d1w7fb2mkkr3kw.cloudfront.net/assets/images/book/mid/9781/4889/9781488933011.jpg', 22, 'Penguin Publishers'),
(8514870000000, 'The Choice', 'Edith Eger', '2015-10-03', '15.71', 'Society-Social-Sciences', '1.30', 6, 'https://d1w7fb2mkkr3kw.cloudfront.net/assets/images/book/mid/9781/8460/9781846045110.jpg', 28, 'Tinkle'),
(8523480000000, 'Lessons from Tara', 'David Rosenfelt', '2015-10-03', '4.89', 'Natural-History', '2.93', 7, 'https://d1w7fb2mkkr3kw.cloudfront.net/assets/images/book/mid/9780/7515/9780751563672.jpg', 50, 'Westland Publications'),
(8525830000000, 'Becoming Myself', 'Irvin D. Yalom', '2015-10-03', '15.35', 'Biography', '1.09', 8, 'https://d1w7fb2mkkr3kw.cloudfront.net/assets/images/book/mid/9780/3494/9780349410067.jpg', 37, 'Cengage'),
(8530700000000, 'Scar Tissue', 'Anthony Kiedis', '2015-10-03', '10.66', 'Biography', '4.39', 4, 'https://d1w7fb2mkkr3kw.cloudfront.net/assets/images/book/mid/9780/7515/9780751535662.jpg', 34, 'Oxford University Press'),
(8530720000000, 'The Remains of the Day', 'Kazuo Ishiguro', '2015-10-03', '7.05', 'Romance', '2.90', 10, 'https://d1w7fb2mkkr3kw.cloudfront.net/assets/images/book/mid/9780/5712/9780571200733.jpg', 13, 'Tinkle'),
(8533250000000, 'Cronin\'S Key Guide to Australian Trees', 'Leonard Cronin', '2015-10-03', '22.37', 'Science-Geography', '2.84', 6, 'https://d1w7fb2mkkr3kw.cloudfront.net/assets/images/book/mid/9781/7417/9781741751093.jpg', 13, 'Jaico '),
(8534780000000, '5:2 Fast Diet for Beginners', 'Rockridge Press', '2015-10-03', '9.46', 'Medical', '3.89', 2, 'https://d1w7fb2mkkr3kw.cloudfront.net/assets/images/book/mid/9781/6231/9781623151478.jpg', 27, 'Pearson'),
(8535240000000, 'The Infernal Devices 1: Clockwork Angel', 'Cassandra Clare', '2015-10-03', '8.47', 'Teen-Young-Adult', '1.15', 10, 'https://d1w7fb2mkkr3kw.cloudfront.net/assets/images/book/mid/9781/4063/9781406330342.jpg', 37, 'Cengage'),
(8536470000000, 'Natural Sheep Care', 'Pat Coleby', '2015-10-03', '20.48', 'Technology-Engineering', '1.04', 7, 'https://d1w7fb2mkkr3kw.cloudfront.net/assets/images/book/mid/9780/9113/9780911311907.jpg', 19, 'MacMillan Publishers'),
(8536710000000, 'Origin Story', 'David Christian', '2015-10-03', '20.85', 'History-Archaeology', '2.97', 8, 'https://d1w7fb2mkkr3kw.cloudfront.net/assets/images/book/mid/9780/2412/9780241254684.jpg', 40, 'Pearson'),
(8540310000000, 'Invisible Women', 'Caroline Criado Perez', '2015-10-03', '18.75', 'Dictionaries-Languages', '3.71', 3, 'https://d1w7fb2mkkr3kw.cloudfront.net/assets/images/book/mid/9781/7847/9781784741723.jpg', 42, 'Tata McGraw '),
(8541220000000, 'Find Your Why', 'Simon Sinek', '2015-10-03', '18.42', 'Personal-Development', '4.37', 10, 'https://d1w7fb2mkkr3kw.cloudfront.net/assets/images/book/mid/9780/2412/9780241279267.jpg', 34, 'Kodansha'),
(8541890000000, 'Handwriting Ages 7-9: New edition', 'Collins Easy Learning', '2015-10-03', '5.70', 'Teaching-Resources-Education', '2.78', 4, 'https://d1w7fb2mkkr3kw.cloudfront.net/assets/images/book/mid/9780/0081/9780008151423.jpg', 43, 'Harper Collins'),
(8543480000000, 'The Power of Your Subconscious Mind', 'Joseph Murphy', '2015-10-03', '9.76', 'Mind-Body-Spirit', '2.87', 7, 'https://d1w7fb2mkkr3kw.cloudfront.net/assets/images/book/mid/9781/6045/9781604592016.jpg', 49, 'Egmont'),
(8545230000000, 'Scaffolding Language', 'Pauline Gibbons', '2015-10-03', '28.35', 'Teaching-Resources-Education', '1.37', 3, 'https://d1w7fb2mkkr3kw.cloudfront.net/assets/images/book/mid/9780/3250/9780325056647.jpg', 10, 'Pustak Mahal'),
(8545290000000, 'Moonology Oracle Cards', 'Yasmin Boland', '2015-10-03', '12.74', 'Mind-Body-Spirit', '2.89', 2, 'https://d1w7fb2mkkr3kw.cloudfront.net/assets/images/book/mid/9781/7818/9781781809969.jpg', 50, 'Cengage'),
(8548060000000, 'Cribsheet', 'Emily Oster', '2015-10-03', '14.20', 'Reference', '3.33', 2, 'https://d1w7fb2mkkr3kw.cloudfront.net/assets/images/book/mid/9781/7881/9781788164481.jpg', 37, 'Harper Collins'),
(8550610000000, 'La gloire de mon pere', 'Marcel Pagnol', '2015-10-03', '9.20', 'Dictionaries-Languages', '3.67', 2, 'https://d1w7fb2mkkr3kw.cloudfront.net/assets/images/book/mid/9782/8770/9782877065078.jpg', 20, 'Kodansha'),
(8554980000000, 'The Book Of Five Rings', 'Miyamoto Musashi', '2015-10-03', '6.89', 'Personal-Development', '1.35', 4, 'https://d1w7fb2mkkr3kw.cloudfront.net/assets/images/book/mid/9781/5903/9781590302484.jpg', 49, 'Harper Collins'),
(8555210000000, 'It\'s Kind of a Funny Story', 'Ned Vizzini', '2015-10-03', '11.61', 'Teen-Young-Adult', '1.76', 10, 'https://d1w7fb2mkkr3kw.cloudfront.net/assets/images/book/mid/9780/7868/9780786851973.jpg', 38, 'Egmont'),
(8555850000000, 'The Little SAS Book', 'Lora Delwiche', '2015-10-03', '38.40', 'Computing', '2.45', 6, 'https://d1w7fb2mkkr3kw.cloudfront.net/assets/images/book/mid/9781/6129/9781612903439.jpg', 22, 'Egmont'),
(8555990000000, 'An Unquiet Mind', 'Kay Redfield Jamison', '2015-10-03', '7.86', 'Biography', '4.87', 1, 'https://d1w7fb2mkkr3kw.cloudfront.net/assets/images/book/mid/9781/4472/9781447275282.jpg', 13, 'MacMillan Publishers'),
(8556650000000, 'On Photography', 'Susan Sontag', '2015-10-03', '9.32', 'Art-Photography', '4.88', 9, 'https://d1w7fb2mkkr3kw.cloudfront.net/assets/images/book/mid/9780/1410/9780141035789.jpg', 39, 'Pustak Mahal'),
(8558010000000, 'Beartown', 'Fredrik Backman', '2015-10-03', '9.16', 'Crime-Thriller', '1.61', 7, 'https://d1w7fb2mkkr3kw.cloudfront.net/assets/images/book/mid/9781/4059/9781405930208.jpg', 21, 'Tinkle'),
(8558720000000, 'Bar Book', 'Jeffrey Morgenthaler', '2015-10-03', '22.89', 'Food-Drink', '3.87', 4, 'https://d1w7fb2mkkr3kw.cloudfront.net/assets/images/book/mid/9781/4521/9781452113845.jpg', 29, 'Egmont'),
(8561190000000, 'Jack and the Beanstalk - Read it yourself with Ladybird', 'Laura Barella', '2015-10-03', '5.54', 'Dictionaries-Languages', '3.64', 6, 'https://d1w7fb2mkkr3kw.cloudfront.net/assets/images/book/mid/9780/7232/9780723273004.jpg', 20, 'Tinkle'),
(8562410000000, 'The Unlikely Voyage of Jack de Crow', 'A. J. MacKinnon', '2015-10-03', '15.60', 'Travel-Holiday-Guides', '4.28', 8, 'https://d1w7fb2mkkr3kw.cloudfront.net/assets/images/book/mid/9781/8639/9781863956659.jpg', 12, 'Oxford University Press'),
(8562990000000, 'Universal Principles of Design', 'William Lidwell', '2015-10-03', '22.60', 'Art-Photography', '2.49', 2, 'https://d1w7fb2mkkr3kw.cloudfront.net/assets/images/book/mid/9781/5925/9781592535873.jpg', 29, 'Pustak Mahal'),
(8563040000000, 'The Fast 800 Recipe Book', 'Dr Clare Bailey', '2015-10-03', '24.96', 'Health', '2.13', 5, 'https://d1w7fb2mkkr3kw.cloudfront.net/assets/images/book/mid/9781/7608/9781760850425.jpg', 45, 'Tata McGraw '),
(8563390000000, 'Magnus Chase and the Hammer of Thor (Book 2)', 'Rick Riordan', '2015-10-03', '21.18', 'Teen-Young-Adult', '4.26', 5, 'https://d1w7fb2mkkr3kw.cloudfront.net/assets/images/book/mid/9780/1413/9780141342559.jpg', 42, 'Am Cat Pro'),
(8563920000000, 'The Taming of the Shrew (No Fear Shakespeare)', 'Sparknotes', '2015-10-03', '6.38', 'Poetry-Drama', '1.26', 7, 'https://d1w7fb2mkkr3kw.cloudfront.net/assets/images/book/mid/9781/4114/9781411401006.jpg', 49, 'Wiley'),
(8564890000000, 'Healing Power of Essential Oils', 'Eric Zielinski', '2015-10-03', '14.34', 'Food-Drink', '4.47', 6, 'https://d1w7fb2mkkr3kw.cloudfront.net/assets/images/book/mid/9781/5247/9781524761363.jpg', 17, 'Springer'),
(8568260000000, 'Humans of New York', 'Brandon Stanton', '2015-10-03', '23.45', 'Society-Social-Sciences', '4.04', 7, 'https://d1w7fb2mkkr3kw.cloudfront.net/assets/images/book/mid/9781/2500/9781250058904.jpg', 20, 'Tata McGraw '),
(8568320000000, 'Tina Turner: My Love Story (Official Autobiography)', 'Tina Turner', '2015-10-03', '22.00', 'Art-Photography', '1.47', 9, 'https://d1w7fb2mkkr3kw.cloudfront.net/assets/images/book/mid/9781/7808/9781780898971.jpg', 39, 'Penguin Publishers'),
(8569980000000, 'Quiet', 'Susan Cain', '2015-10-03', '9.79', 'Society-Social-Sciences', '3.48', 2, 'https://d1w7fb2mkkr3kw.cloudfront.net/assets/images/book/mid/9780/1410/9780141029191.jpg', 39, 'Pustak Mahal'),
(8574020000000, 'Origin', 'Jennifer L. Armentrout', '2015-10-03', '10.75', 'Poetry-Drama', '3.39', 5, 'https://d1w7fb2mkkr3kw.cloudfront.net/assets/images/book/mid/9781/6226/9781622660759.jpg', 26, 'Shueisha'),
(8576410000000, 'Nine Perfect Strangers', 'Liane Moriarty', '2015-10-03', '9.41', 'Romance', '3.58', 6, 'https://d1w7fb2mkkr3kw.cloudfront.net/assets/images/book/mid/9781/4059/9781405919463.jpg', 15, 'Egmont'),
(8584360000000, 'One Gear', 'Matteo Cossu', '2015-10-03', '28.10', 'Transport', '1.60', 1, 'https://d1w7fb2mkkr3kw.cloudfront.net/assets/images/book/mid/9781/5842/9781584234180.jpg', 49, 'MacMillan Publishers'),
(8590130000000, 'Muhammad', 'Martin Lings', '2015-10-03', '13.61', 'Religion', '3.38', 2, 'https://d1w7fb2mkkr3kw.cloudfront.net/assets/images/book/mid/9781/5947/9781594771538.jpg', 44, 'Wiley'),
(8590880000000, 'Zendoodle Coloring Presents Gnomes in the Neighborhood', 'Denyse Klette', '2015-10-03', '13.58', 'Stationery', '3.27', 6, 'https://d1w7fb2mkkr3kw.cloudfront.net/assets/images/book/mid/9781/2502/9781250294838.jpg', 45, 'Westland Publications'),
(8591030000000, 'What If This Is Heaven?', 'Anita Moorjani', '2015-10-03', '11.90', 'Personal-Development', '3.78', 8, 'https://d1w7fb2mkkr3kw.cloudfront.net/assets/images/book/mid/9781/7818/9781781801994.jpg', 16, 'Egmont'),
(8593510000000, 'The Seven Habits of Highly Effective People, Miniature Edition', 'Stephen R. Covey', '2015-10-03', '7.47', 'Personal-Development', '4.65', 10, 'https://d1w7fb2mkkr3kw.cloudfront.net/assets/images/book/mid/9780/7624/9780762408337.jpg', 17, 'Westland Publications'),
(8594980000000, 'Holding the Man: Popular Penguins', 'Timothy Conigrave', '2015-10-03', '9.34', 'Health', '2.51', 10, 'https://d1w7fb2mkkr3kw.cloudfront.net/assets/images/book/mid/9780/1432/9780143202820.jpg', 19, 'Egmont'),
(8595530000000, 'Start Where You Are', 'Pema Chodron', '2015-10-03', '9.03', 'Personal-Development', '3.75', 6, 'https://d1w7fb2mkkr3kw.cloudfront.net/assets/images/book/mid/9780/0071/9780007190621.jpg', 18, 'Harper Collins'),
(8596520000000, 'The Visual Story', 'Bruce A. Block', '2015-10-03', '33.42', 'Computing', '2.51', 8, 'https://d1w7fb2mkkr3kw.cloudfront.net/assets/images/book/mid/9780/2408/9780240807799.jpg', 49, 'Tinkle'),
(8596600000000, 'Economics: The User\'s Guide', 'Ha-Joon Chang', '2015-10-03', '9.26', 'Business-Finance-Law', '4.83', 8, 'https://d1w7fb2mkkr3kw.cloudfront.net/assets/images/book/mid/9780/7181/9780718197032.jpg', 34, 'Am Cat Pro'),
(8596700000000, 'Man\'s Search for Meaning', 'Viktor E. Frankl', '2015-10-03', '11.97', 'Mind-Body-Spirit', '4.96', 7, 'https://d1w7fb2mkkr3kw.cloudfront.net/assets/images/book/mid/9780/8070/9780807014271.jpg', 29, 'Cengage'),
(8598620000000, 'Grandpa\'s Great Escape', 'David Walliams', '2015-10-03', '9.25', 'Childrens-Books', '4.19', 5, 'https://d1w7fb2mkkr3kw.cloudfront.net/assets/images/book/mid/9780/0081/9780008183424.jpg', 43, 'Bonnier Books'),
(8598850000000, 'Linux Pocket Guide 3e', 'Daniel J. Barrett', '2015-10-03', '14.11', 'Computing', '2.19', 8, 'https://d1w7fb2mkkr3kw.cloudfront.net/assets/images/book/mid/9781/4919/9781491927571.jpg', 41, 'Egmont'),
(8599340000000, 'The Gamification of Learning and Instruction', 'Karl M. Kapp', '2015-10-03', '58.76', 'Computing', '4.80', 6, 'https://d1w7fb2mkkr3kw.cloudfront.net/assets/images/book/mid/9781/1180/9781118096345.jpg', 50, 'Wiley'),
(8600640000000, 'Art Is the Highest Form of Hope & Other Quotes by Artists', 'Phaidon Editors', '2015-10-03', '17.61', 'Reference', '3.00', 6, 'https://d1w7fb2mkkr3kw.cloudfront.net/assets/images/book/mid/9780/7148/9780714872438.jpg', 34, 'Simon & Schuster'),
(8601130000000, 'Mazda Miata Mx-5 Performance Projects', 'Keith Tanner', '2015-10-03', '15.86', 'Transport', '4.04', 9, 'https://d1w7fb2mkkr3kw.cloudfront.net/assets/images/book/mid/9780/7603/9780760316207.jpg', 30, 'Egmont'),
(8602870000000, 'Lonely Planet East Coast Australia', 'Lonely Planet', '2015-10-03', '16.48', 'Sport', '2.31', 6, 'https://d1w7fb2mkkr3kw.cloudfront.net/assets/images/book/mid/9781/7865/9781786571540.jpg', 10, 'Cengage'),
(8603090000000, 'Lagom', 'Linnea Dunne', '2015-10-03', '9.61', 'Reference', '2.00', 5, 'https://d1w7fb2mkkr3kw.cloudfront.net/assets/images/book/mid/9781/8567/9781856753746.jpg', 14, 'Penguin Publishers'),
(8603470000000, 'The Elder Scrolls: The Official Cookbook', 'Chelsea Monroe-cassel', '2015-10-03', '26.61', 'Computing', '3.62', 4, 'https://d1w7fb2mkkr3kw.cloudfront.net/assets/images/book/mid/9781/7890/9781789090673.jpg', 45, 'Am Cat Pro'),
(8603810000000, 'Fingerprints Of The Gods', 'Graham Hancock', '2015-10-03', '19.81', 'Mind-Body-Spirit', '2.20', 1, 'https://d1w7fb2mkkr3kw.cloudfront.net/assets/images/book/mid/9780/5178/9780517887295.jpg', 50, 'Shueisha'),
(8605030000000, 'The Complete MAUS', 'Art Spiegelman', '2015-10-03', '17.61', 'Graphic-Novels-Anime-Manga', '2.58', 7, 'https://d1w7fb2mkkr3kw.cloudfront.net/assets/images/book/mid/9780/1410/9780141014081.jpg', 25, 'Oxford University Press'),
(8605370000000, 'Grinding it Out', 'Ray Kroc', '2015-10-03', '7.68', 'Business-Finance-Law', '4.29', 3, 'https://d1w7fb2mkkr3kw.cloudfront.net/assets/images/book/mid/9781/2501/9781250130280.jpg', 21, 'Egmont'),
(8606040000000, 'The Sex Lives of Cannibals', 'J. Maarten Troost', '2015-10-03', '13.95', 'Travel-Holiday-Guides', '4.92', 5, 'https://d1w7fb2mkkr3kw.cloudfront.net/assets/images/book/mid/9780/7679/9780767915304.jpg', 40, 'Cengage'),
(8606200000000, 'CHERUB: The Fall', 'Robert Muchamore', '2015-10-03', '7.09', 'Teen-Young-Adult', '4.32', 1, 'https://d1w7fb2mkkr3kw.cloudfront.net/assets/images/book/mid/9780/3409/9780340911709.jpg', 37, 'Harper Collins'),
(8608080000000, 'Mentalization-Based Treatment for Personality Disorders', 'Anthony Bateman', '2015-10-03', '41.36', 'Medical', '4.09', 4, 'https://d1w7fb2mkkr3kw.cloudfront.net/assets/images/book/mid/9780/1996/9780199680375.jpg', 11, 'Egmont'),
(8609500000000, 'Hand Job', 'Michael Perry', '2015-10-03', '23.64', 'Reference', '2.56', 4, 'https://d1w7fb2mkkr3kw.cloudfront.net/assets/images/book/mid/9781/5689/9781568986265.jpg', 20, 'Bonnier Books'),
(8613600000000, 'All Together Dead: Southern Vampire Mysteries Bk. 7', 'Charlaine Harris', '2015-10-03', '7.56', 'Crime-Thriller', '1.99', 6, 'https://d1w7fb2mkkr3kw.cloudfront.net/assets/images/book/mid/9780/4410/9780441015818.jpg', 45, 'Jaico '),
(8614820000000, 'What Do You Do with a Problem?', 'Kobi Yamada', '2015-10-03', '16.06', 'Childrens-Books', '3.81', 10, 'https://d1w7fb2mkkr3kw.cloudfront.net/assets/images/book/mid/9781/9432/9781943200009.jpg', 43, 'Bonnier Books'),
(8618520000000, 'Bake', 'Rachel Allen', '2015-10-03', '21.14', 'Food-Drink', '2.32', 9, 'https://d1w7fb2mkkr3kw.cloudfront.net/assets/images/book/mid/9780/0072/9780007259700.jpg', 20, 'MacMillan Publishers'),
(8619910000000, 'Highly Sensitive Person in Love', 'Elaine N. Aron', '2015-10-03', '13.32', 'Health', '1.76', 8, 'https://d1w7fb2mkkr3kw.cloudfront.net/assets/images/book/mid/9780/7679/9780767903363.jpg', 31, 'Egmont'),
(8620220000000, 'Red Notice', 'Bill Browder', '2015-10-03', '14.22', 'History-Archaeology', '3.11', 8, 'https://d1w7fb2mkkr3kw.cloudfront.net/assets/images/book/mid/9781/4767/9781476755748.jpg', 17, 'Penguin Publishers'),
(8634720000000, 'The Honest Life', 'Jessica Alba', '2015-10-03', '15.13', 'Home-Garden', '2.23', 7, 'https://d1w7fb2mkkr3kw.cloudfront.net/assets/images/book/mid/9781/6096/9781609619114.jpg', 50, 'Pearson'),
(8638160000000, 'Organic Mushroom Farming and Mycoremediation', 'Tradd Cotter', '2015-10-03', '29.17', 'Technology-Engineering', '1.56', 4, 'https://d1w7fb2mkkr3kw.cloudfront.net/assets/images/book/mid/9781/6035/9781603584555.jpg', 35, 'Westland Publications'),
(8638190000000, 'The Little Book of Common Sense Investing', 'John C. Bogle', '2015-10-03', '13.91', 'Business-Finance-Law', '1.44', 9, 'https://d1w7fb2mkkr3kw.cloudfront.net/assets/images/book/mid/9781/1194/9781119404507.jpg', 39, 'Pearson'),
(8644590000000, 'Tokyo Vice', 'Jake Adelstein', '2015-10-03', '8.19', 'Biography', '2.41', 2, 'https://d1w7fb2mkkr3kw.cloudfront.net/assets/images/book/mid/9781/8490/9781849014649.jpg', 37, 'Penguin Publishers'),
(8644700000000, 'The Sea of Tranquility', 'Katja Millay', '2015-10-03', '10.65', 'Romance', '2.98', 4, 'https://d1w7fb2mkkr3kw.cloudfront.net/assets/images/book/mid/9781/4767/9781476730943.jpg', 40, 'Kodansha'),
(8644770000000, 'Knitting Without Tears', 'Elizabeth Zimmermann', '2015-10-03', '11.87', 'Crafts-Hobbies', '2.38', 9, 'https://d1w7fb2mkkr3kw.cloudfront.net/assets/images/book/mid/9780/6841/9780684135052.jpg', 37, 'Simon & Schuster'),
(8645980000000, 'Complete German Beginner to Intermediate Book and Audio Course', 'Heiner Schenke', '2015-10-03', '21.44', 'Teaching-Resources-Education', '3.20', 2, 'https://d1w7fb2mkkr3kw.cloudfront.net/assets/images/book/mid/9781/4441/9781444177398.jpg', 28, 'Springer'),
(8647130000000, 'My Dog Pulls. What Do I Do?', 'Turid Rugaas', '2015-10-03', '9.55', 'Natural-History', '1.46', 5, 'https://d1w7fb2mkkr3kw.cloudfront.net/assets/images/book/mid/9781/9292/9781929242238.jpg', 19, 'Kodansha'),
(8647430000000, 'The Unschooling Handbook', 'Mary Griffith', '2015-10-03', '12.60', 'Teaching-Resources-Education', '2.29', 10, 'https://d1w7fb2mkkr3kw.cloudfront.net/assets/images/book/mid/9780/7615/9780761512769.jpg', 22, 'Wiley'),
(8654260000000, 'Mastering Copperplate Calligraphy', 'Eleanor Winters', '2015-10-03', '12.62', 'Crafts-Hobbies', '3.19', 1, 'https://d1w7fb2mkkr3kw.cloudfront.net/assets/images/book/mid/9780/4864/9780486409511.jpg', 25, 'Bonnier Books'),
(8658820000000, 'Painting With Children', 'Brunhild Müller', '2015-10-03', '8.19', 'Crafts-Hobbies', '1.43', 8, 'https://d1w7fb2mkkr3kw.cloudfront.net/assets/images/book/mid/9780/8631/9780863153662.jpg', 27, 'Harper Collins'),
(8658970000000, 'Japanese For Busy People 1: The Workbook For The Revised 3rd Edition', 'Ajalt', '2015-10-03', '18.06', 'Dictionaries-Languages', '2.81', 7, 'https://d1w7fb2mkkr3kw.cloudfront.net/assets/images/book/mid/9781/5683/9781568363998.jpg', 18, 'Westland Publications'),
(8659100000000, 'Gratitude', 'Oliver Sacks', '2015-10-03', '7.82', 'Poetry-Drama', '3.65', 4, 'https://d1w7fb2mkkr3kw.cloudfront.net/assets/images/book/mid/9781/5098/9781509822805.jpg', 18, 'Am Cat Pro'),
(8661150000000, 'Walt Disney\'s Donald Duck', 'Carl Barks', '2015-10-03', '23.22', 'Humour', '4.24', 2, 'https://d1w7fb2mkkr3kw.cloudfront.net/assets/images/book/mid/9781/6069/9781606997413.jpg', 43, 'Oxford University Press'),
(8664460000000, 'In the Land of Invisible Women', 'Qanta Ahmed', '2015-10-03', '13.54', 'Travel-Holiday-Guides', '2.90', 2, 'https://d1w7fb2mkkr3kw.cloudfront.net/assets/images/book/mid/9781/4022/9781402210877.jpg', 15, 'Springer'),
(8665830000000, 'Piano Adventures', 'Nancy Faber', '2015-10-03', '7.56', 'Entertainment', '1.13', 8, 'https://d1w7fb2mkkr3kw.cloudfront.net/assets/images/book/mid/9781/6167/9781616770754.jpg', 25, 'Egmont'),
(8667330000000, 'Paths To God', 'Ram Dass', '2015-10-03', '10.61', 'Religion', '4.62', 6, 'https://d1w7fb2mkkr3kw.cloudfront.net/assets/images/book/mid/9781/4000/9781400054039.jpg', 10, 'Pearson'),
(8668790000000, 'The Culture Code', 'Daniel Coyle', '2015-10-03', '10.04', 'Personal-Development', '4.35', 6, 'https://d1w7fb2mkkr3kw.cloudfront.net/assets/images/book/mid/9781/8479/9781847941275.jpg', 34, 'Springer'),
(8670570000000, 'The Grief Recovery Handbook, 20th Anniversary Expanded Edition', 'John W. James', '2015-10-03', '10.52', 'Personal-Development', '3.82', 4, 'https://d1w7fb2mkkr3kw.cloudfront.net/assets/images/book/mid/9780/0616/9780061686078.jpg', 40, 'Bonnier Books'),
(8671620000000, 'Unlocking the Bible', 'David Pawson', '2015-10-03', '15.70', 'Religion', '4.50', 9, 'https://d1w7fb2mkkr3kw.cloudfront.net/assets/images/book/mid/9780/0071/9780007166664.jpg', 16, 'Westland Publications'),
(8673870000000, 'Wild Color', 'Jenny Dean', '2015-10-03', '22.33', 'Art-Photography', '4.77', 4, 'https://d1w7fb2mkkr3kw.cloudfront.net/assets/images/book/mid/9780/8230/9780823058792.jpg', 29, 'Tata McGraw '),
(8675230000000, 'Zen: The Art of Simple Living', 'Shunmyo Masuno', '2015-10-03', '14.07', 'Religion', '1.34', 6, 'https://d1w7fb2mkkr3kw.cloudfront.net/assets/images/book/mid/9780/2413/9780241371831.jpg', 36, 'Shueisha'),
(8678790000000, 'Dark Matter', 'Blake Crouch', '2015-10-03', '8.05', 'Crime-Thriller', '4.59', 3, 'https://d1w7fb2mkkr3kw.cloudfront.net/assets/images/book/mid/9781/4472/9781447297581.jpg', 22, 'Wiley'),
(8678870000000, 'The Celestine Prophecy', 'James Redfield', '2015-10-03', '12.90', 'Mind-Body-Spirit', '1.62', 2, 'https://d1w7fb2mkkr3kw.cloudfront.net/assets/images/book/mid/9781/7427/9781742751054.jpg', 13, 'Pustak Mahal'),
(8680660000000, 'The Stormrider Surf Guide Indonesia & the Indian Ocean', 'Bruce Sutherland', '2015-10-03', '19.30', 'Sport', '2.13', 1, 'https://d1w7fb2mkkr3kw.cloudfront.net/assets/images/book/mid/9780/9562/9780956245519.jpg', 20, 'Harper Collins'),
(8680720000000, 'The Power of Silence', 'Cardinal Robert Sarah', '2015-10-03', '15.84', 'Religion', '3.53', 4, 'https://d1w7fb2mkkr3kw.cloudfront.net/assets/images/book/mid/9781/6216/9781621641919.jpg', 27, 'Westland Publications'),
(8682770000000, 'Fifty Places to Hike Before You Die:Outdoor Experts Share the Wor', 'Chris Santella', '2015-10-03', '21.14', 'Sport', '4.50', 4, 'https://d1w7fb2mkkr3kw.cloudfront.net/assets/images/book/mid/9781/5847/9781584798538.jpg', 12, 'Jaico '),
(8685240000000, 'Random House Japanese-English English-JapaneseDictionary', 'Seigo Nakao', '2015-10-03', '9.16', 'Reference', '3.63', 7, 'https://d1w7fb2mkkr3kw.cloudfront.net/assets/images/book/mid/9780/3454/9780345405487.jpg', 15, 'Shueisha'),
(8686260000000, 'Economics Study Guide: Oxford IB Diploma Programme', 'Constantine Ziogas', '2015-10-03', '36.37', 'Reference', '4.82', 10, 'https://d1w7fb2mkkr3kw.cloudfront.net/assets/images/book/mid/9780/1983/9780198390015.jpg', 50, 'Westland Publications'),
(8690410000000, 'The Widow Clicquot', 'Tilar J. Mazzeo', '2015-10-03', '10.09', 'Food-Drink', '3.85', 8, 'https://d1w7fb2mkkr3kw.cloudfront.net/assets/images/book/mid/9780/0612/9780061288586.jpg', 21, 'Bonnier Books'),
(8691020000000, 'Waking Up', 'Sam Harris', '2015-10-03', '13.10', 'Science-Geography', '4.78', 1, 'https://d1w7fb2mkkr3kw.cloudfront.net/assets/images/book/mid/9781/4516/9781451636024.jpg', 14, 'Pustak Mahal'),
(8692760000000, 'How to See Yourself As You Really Are', 'Dalai Lama XIV', '2015-10-03', '9.16', 'Personal-Development', '1.52', 5, 'https://d1w7fb2mkkr3kw.cloudfront.net/assets/images/book/mid/9781/8460/9781846040405.jpg', 34, 'Tata McGraw '),
(8694540000000, 'HTML and CSS', 'Jon Duckett', '2015-10-03', '22.68', 'Computing', '4.74', 5, 'https://d1w7fb2mkkr3kw.cloudfront.net/assets/images/book/mid/9781/1180/9781118008188.jpg', 19, 'Klett'),
(8694550000000, 'Matty Matheson', 'Matty Matheson', '2015-10-03', '24.29', 'Food-Drink', '2.47', 1, 'https://d1w7fb2mkkr3kw.cloudfront.net/assets/images/book/mid/9781/4197/9781419732454.jpg', 13, 'Tata McGraw '),
(8697180000000, 'The Complete Book of Classic Dodge and Plymouth Muscle', 'Mike Mueller', '2015-10-03', '26.25', 'Transport', '4.67', 10, 'https://d1w7fb2mkkr3kw.cloudfront.net/assets/images/book/mid/9780/7603/9780760344774.jpg', 16, 'Jaico '),
(8698940000000, 'Zinn & the Art of Mountain Bike Maintenance', 'Lennard Zinn', '2015-10-03', '20.20', 'Transport', '2.97', 8, 'https://d1w7fb2mkkr3kw.cloudfront.net/assets/images/book/mid/9781/9377/9781937715472.jpg', 12, 'Westland Publications'),
(8700190000000, 'The Bikini Body 28-Day Healthy Eating & Lifestyle Guide', 'Kayla Itsines', '2015-10-03', '17.78', 'Health', '1.05', 8, 'https://d1w7fb2mkkr3kw.cloudfront.net/assets/images/book/mid/9781/5098/9781509842094.jpg', 49, 'Simon & Schuster'),
(8702510000000, 'Narrative of the Life of Frederick Douglass, an American Slave', 'Frederick Douglass', '2015-10-03', '7.43', 'History-Archaeology', '1.13', 9, 'https://d1w7fb2mkkr3kw.cloudfront.net/assets/images/book/mid/9780/1995/9780199539079.jpg', 40, 'Springer'),
(8712110000000, 'The Phantom Atlas', 'Edward Brooke-hitching', '2015-10-03', '22.41', 'History-Archaeology', '4.07', 4, 'https://d1w7fb2mkkr3kw.cloudfront.net/assets/images/book/mid/9781/4711/9781471159459.jpg', 32, 'Springer'),
(8712150000000, 'Becoming Supernatural', 'Joe Dispenza', '2015-10-03', '17.80', 'Mind-Body-Spirit', '1.01', 8, 'https://d1w7fb2mkkr3kw.cloudfront.net/assets/images/book/mid/9781/4019/9781401953119.jpg', 39, 'Penguin Publishers'),
(8714210000000, 'Pioneer Girl', 'Laura Ingalls Wilder', '2015-10-03', '28.87', 'History-Archaeology', '2.51', 2, 'https://d1w7fb2mkkr3kw.cloudfront.net/assets/images/book/mid/9780/9845/9780984504176.jpg', 41, 'Harper Collins'),
(8718930000000, 'Sundiata: An Epic of Old Mali', 'D.T. Niane', '2015-10-03', '15.09', 'Teaching-Resources-Education', '4.60', 10, 'https://d1w7fb2mkkr3kw.cloudfront.net/assets/images/book/mid/9781/4058/9781405849425.jpg', 47, 'Bonnier Books'),
(8720700000000, 'Improve your sight-reading! Piano Grade 8', 'Paul Harris', '2015-10-03', '9.21', 'Entertainment', '3.90', 9, 'https://d1w7fb2mkkr3kw.cloudfront.net/assets/images/book/mid/9780/5715/9780571533084.jpg', 16, 'Kodansha'),
(8722830000000, 'Wired for Love', 'Stan Tatkin', '2015-10-03', '9.90', 'Personal-Development', '1.27', 5, 'https://d1w7fb2mkkr3kw.cloudfront.net/assets/images/book/mid/9781/6088/9781608820580.jpg', 47, 'Penguin Publishers'),
(8725570000000, 'Demelza', 'Winston Graham', '2015-10-03', '8.00', 'Romance', '4.54', 1, 'https://d1w7fb2mkkr3kw.cloudfront.net/assets/images/book/mid/9781/4472/9781447281535.jpg', 48, 'Simon & Schuster'),
(8726180000000, 'Gemina', 'Amie Kaufman', '2015-10-03', '18.77', 'Poetry-Drama', '1.36', 7, 'https://d1w7fb2mkkr3kw.cloudfront.net/assets/images/book/mid/9780/5534/9780553499155.jpg', 27, 'Shueisha'),
(8730610000000, 'The Autism Discussion Page on the core challenges of autism', 'Bill Nason', '2015-10-03', '20.93', 'Medical', '3.00', 1, 'https://d1w7fb2mkkr3kw.cloudfront.net/assets/images/book/mid/9781/8490/9781849059947.jpg', 12, 'Pustak Mahal'),
(8733370000000, 'The Republic', 'Plato', '2015-10-03', '6.47', 'Society-Social-Sciences', '1.44', 4, 'https://d1w7fb2mkkr3kw.cloudfront.net/assets/images/book/mid/9780/4864/9780486411217.jpg', 24, 'Shueisha'),
(8733950000000, 'Miracles Happen', 'M D Brian L Weiss', '2015-10-03', '13.83', 'Medical', '1.34', 1, 'https://d1w7fb2mkkr3kw.cloudfront.net/assets/images/book/mid/9780/0622/9780062201232.jpg', 16, 'Kodansha'),
(8734690000000, 'Milk and Honey', 'Rupi Kaur', '2015-10-03', '12.30', 'Romance', '4.61', 3, 'https://d1w7fb2mkkr3kw.cloudfront.net/assets/images/book/mid/9781/4494/9781449496364.jpg', 16, 'Am Cat Pro'),
(8735310000000, 'The Hairy Dieters Eat for Life', 'Hairy Bikers', '2015-10-03', '13.76', 'Food-Drink', '1.96', 10, 'https://d1w7fb2mkkr3kw.cloudfront.net/assets/images/book/mid/9780/2978/9780297870470.jpg', 31, 'MacMillan Publishers'),
(8735840000000, 'Tribal Leadership', 'David Logan', '2015-10-03', '11.22', 'Business-Finance-Law', '2.19', 6, 'https://d1w7fb2mkkr3kw.cloudfront.net/assets/images/book/mid/9780/0612/9780061251320.jpg', 36, 'Pustak Mahal'),
(8735840300000, 'The King of Oil', 'Daniel Ammann', '2015-10-03', '12.15', 'Business-Finance-Law', '3.25', 8, 'https://d1w7fb2mkkr3kw.cloudfront.net/assets/images/book/mid/9780/3126/9780312650681.jpg', 33, 'Tinkle'),
(8735920000000, 'The Unexpected Truth About Animals', 'Lucy Cooke', '2015-10-03', '10.86', 'Natural-History', '2.12', 3, 'https://d1w7fb2mkkr3kw.cloudfront.net/assets/images/book/mid/9781/7841/9781784161903.jpg', 25, 'Tinkle'),
(8737720000000, 'Hot Wheels', 'Kris Palmer', '2015-10-03', '26.55', 'Transport', '2.67', 7, 'https://d1w7fb2mkkr3kw.cloudfront.net/assets/images/book/mid/9780/7603/9780760360309.jpg', 49, 'Westland Publications'),
(8739510000000, 'The Laws of Human Nature', 'Robert Greene', '2015-10-03', '18.43', 'Society-Social-Sciences', '1.74', 6, 'https://d1w7fb2mkkr3kw.cloudfront.net/assets/images/book/mid/9781/7812/9781781259191.jpg', 25, 'Shueisha'),
(8744830000000, 'Yoga Nidra', 'Swami Satyananda Saraswati', '2015-10-03', '17.76', 'Religion', '4.96', 1, 'https://d1w7fb2mkkr3kw.cloudfront.net/assets/images/book/mid/9788/1857/9788185787121.jpg', 13, 'Tinkle'),
(8748190000000, 'Power Thought Cards', 'Louise Hay', '2015-10-03', '14.14', 'Personal-Development', '4.96', 6, 'https://d1w7fb2mkkr3kw.cloudfront.net/assets/images/book/mid/9781/5617/9781561706129.jpg', 50, 'Klett'),
(8748220000000, 'The Last Grain Race', 'Eric Newby', '2015-10-03', '10.43', 'Travel-Holiday-Guides', '3.12', 8, 'https://d1w7fb2mkkr3kw.cloudfront.net/assets/images/book/mid/9780/0075/9780007597833.jpg', 40, 'Tinkle'),
(8748380000000, 'Information Architecture, 4e', 'Louis Rosenfeld', '2015-10-03', '36.23', 'Reference', '4.83', 5, 'https://d1w7fb2mkkr3kw.cloudfront.net/assets/images/book/mid/9781/4919/9781491911686.jpg', 21, 'Bonnier Books'),
(8749830000000, 'My Book Full of Feelings', 'Amy V. Jaffe', '2015-10-03', '17.24', 'Health', '4.93', 9, 'https://d1w7fb2mkkr3kw.cloudfront.net/assets/images/book/mid/9781/9312/9781931282833.jpg', 48, 'Cengage'),
(8750630000000, 'Bradshaw\'s Handbook', 'George Bradshaw', '2015-10-03', '18.05', 'Transport', '2.79', 3, 'https://d1w7fb2mkkr3kw.cloudfront.net/assets/images/book/mid/9781/9084/9781908402486.jpg', 39, 'Oxford University Press'),
(8753200000000, 'Hamilton: The Revolution', 'Lin-Manuel Miranda', '2015-10-03', '29.97', 'Art-Photography', '2.65', 2, 'https://d1w7fb2mkkr3kw.cloudfront.net/assets/images/book/mid/9781/4087/9781408709238.jpg', 43, 'Egmont'),
(8754250000000, 'It\'s All Absolutely Fine', 'Ruby Elliot', '2015-10-03', '13.24', 'Humour', '4.14', 2, 'https://d1w7fb2mkkr3kw.cloudfront.net/assets/images/book/mid/9781/4091/9781409167297.jpg', 36, 'Kodansha'),
(8754520000000, 'Julius Caesar (No Fear Shakespeare)', 'Sparknotes', '2015-10-03', '6.32', 'Teaching-Resources-Education', '3.41', 7, 'https://d1w7fb2mkkr3kw.cloudfront.net/assets/images/book/mid/9781/5866/9781586638474.jpg', 28, 'Kodansha'),
(8755100000000, 'Be a Unicorn', 'Sarah Ford', '2015-10-03', '6.09', 'Humour', '2.33', 5, 'https://d1w7fb2mkkr3kw.cloudfront.net/assets/images/book/mid/9781/8460/9781846015441.jpg', 43, 'MacMillan Publishers'),
(8760380000000, 'Baking Made Easy', 'Lorraine Pascale', '2015-10-03', '19.88', 'Food-Drink', '2.15', 3, 'https://d1w7fb2mkkr3kw.cloudfront.net/assets/images/book/mid/9780/0072/9780007275946.jpg', 49, 'Jaico '),
(8761950000000, 'The Wahls Protocol Cooking For Life', 'Terry Wahls', '2015-10-03', '21.44', 'Food-Drink', '1.29', 1, 'https://d1w7fb2mkkr3kw.cloudfront.net/assets/images/book/mid/9780/3991/9780399184772.jpg', 49, 'Westland Publications'),
(8762140000000, 'The Football Yearbook 2019-2020 in association with The Sun - Special 50th Anniversary Edition', 'Headline', '2015-10-03', '22.78', 'Reference', '2.12', 2, 'https://d1w7fb2mkkr3kw.cloudfront.net/assets/images/book/mid/9781/4722/9781472261113.jpg', 19, 'Jaico '),
(8762390000000, 'The Joy of Watercolor', 'Emma Block', '2015-10-03', '15.78', 'Art-Photography', '1.18', 6, 'https://d1w7fb2mkkr3kw.cloudfront.net/assets/images/book/mid/9780/7624/9780762463299.jpg', 50, 'Kodansha'),
(8763210000000, 'The Great Successor', 'Anna Fifield', '2015-10-03', '15.30', 'History-Archaeology', '4.40', 5, 'https://d1w7fb2mkkr3kw.cloudfront.net/assets/images/book/mid/9781/5293/9781529387216.jpg', 30, 'Harper Collins'),
(8763950000000, 'Beautiful Ruins', 'Jess Walter', '2015-10-03', '7.91', 'Romance', '1.64', 5, 'https://d1w7fb2mkkr3kw.cloudfront.net/assets/images/book/mid/9780/6709/9780670922659.jpg', 48, 'Kodansha'),
(8764480000000, 'Victorian Lace Today', 'Jane Sowerby', '2015-10-03', '30.41', 'Crafts-Hobbies', '3.80', 2, 'https://d1w7fb2mkkr3kw.cloudfront.net/assets/images/book/mid/9781/9330/9781933064109.jpg', 10, 'Pustak Mahal'),
(8770490000000, 'Essential Scratch and Sniff Guide to Becoming a Whiskey Know-It-All', 'Richard Betts', '2015-10-03', '15.91', 'Food-Drink', '4.27', 6, 'https://d1w7fb2mkkr3kw.cloudfront.net/assets/images/book/mid/9780/5445/9780544520608.jpg', 37, 'Pustak Mahal'),
(8771450000000, 'Imagine', 'Alison Lester', '2015-10-03', '9.48', 'Childrens-Books', '2.00', 2, 'https://d1w7fb2mkkr3kw.cloudfront.net/assets/images/book/mid/9780/3956/9780395669532.jpg', 17, 'Egmont'),
(8771500000000, 'The New Organic Grower: 30th Anniversary Edition', 'Eliot Coleman', '2015-10-03', '22.55', 'Home-Garden', '1.32', 5, 'https://d1w7fb2mkkr3kw.cloudfront.net/assets/images/book/mid/9781/6035/9781603588171.jpg', 24, 'Cengage'),
(8785150000000, 'The Ascent of Money', 'Niall Ferguson', '2015-10-03', '16.97', 'Business-Finance-Law', '4.90', 5, 'https://d1w7fb2mkkr3kw.cloudfront.net/assets/images/book/mid/9780/1431/9780143116172.jpg', 48, 'Harper Collins'),
(8788530000000, 'Legend Of Korra, The: Turf Wars Part Two', 'Michael Dante DiMartino', '2015-10-03', '9.61', 'Graphic-Novels-Anime-Manga', '3.35', 8, 'https://d1w7fb2mkkr3kw.cloudfront.net/assets/images/book/mid/9781/5067/9781506700403.jpg', 30, 'Am Cat Pro'),
(8790860000000, 'Heidegger And A Hippo Walk Through Those Pearly Gates', 'Thomas Cathcart', '2015-10-03', '12.69', 'Humour', '4.40', 4, 'https://d1w7fb2mkkr3kw.cloudfront.net/assets/images/book/mid/9780/1431/9780143118251.jpg', 23, 'Shueisha'),
(8792470000000, 'I Shall Wear Midnight', 'Terry Pratchett', '2015-10-03', '8.52', 'Teen-Young-Adult', '2.39', 4, 'https://d1w7fb2mkkr3kw.cloudfront.net/assets/images/book/mid/9780/5525/9780552555593.jpg', 30, 'Am Cat Pro'),
(8794240000000, 'The Signal and the Noise', 'Nate Silver', '2015-10-03', '26.36', 'Science-Geography', '1.14', 7, 'https://d1w7fb2mkkr3kw.cloudfront.net/assets/images/book/mid/9781/5942/9781594204111.jpg', 31, 'Kodansha'),
(8794390000000, 'Great Lies to Tell Small Kids', 'Andy Riley', '2015-10-03', '9.13', 'Humour', '2.93', 4, 'https://d1w7fb2mkkr3kw.cloudfront.net/assets/images/book/mid/9780/4522/9780452286245.jpg', 17, 'Egmont'),
(8799450000000, 'Three Women', 'Lisa Taddeo', '2015-10-03', '17.44', 'Biography', '1.26', 3, 'https://d1w7fb2mkkr3kw.cloudfront.net/assets/images/book/mid/9781/5266/9781526611659.jpg', 46, 'Harper Collins'),
(8799570000000, 'Lords And Ladies', 'Terry Pratchett', '2015-10-03', '8.17', 'Science-Fiction-Fantasy-Horror', '4.40', 4, 'https://d1w7fb2mkkr3kw.cloudfront.net/assets/images/book/mid/9780/5521/9780552138918.jpg', 26, 'Am Cat Pro'),
(8800530000000, 'The Psilocybin Mushroom Bible', 'K. Mandrake', '2015-10-03', '27.65', 'Home-Garden', '4.46', 6, 'https://d1w7fb2mkkr3kw.cloudfront.net/assets/images/book/mid/9781/9378/9781937866280.jpg', 48, 'Bonnier Books'),
(8800870000000, 'Moleskine Pebble Grey Ruled Cahier Large Journal (3 Set)', 'Moleskine', '2015-10-03', '8.93', 'Stationery', '3.31', 3, 'https://d1w7fb2mkkr3kw.cloudfront.net/assets/images/book/mid/9788/8661/9788866134237.jpg', 33, 'Egmont'),
(8804350000000, 'The Far Side Gallery: 2', 'Gary Larson', '2015-10-03', '15.35', 'Humour', '3.67', 10, 'https://d1w7fb2mkkr3kw.cloudfront.net/assets/images/book/mid/9780/8362/9780836220858.jpg', 29, 'Kodansha'),
(8804680000000, 'The World Of The Witcher', 'CD Projekt Red', '2015-10-03', '26.16', 'Computing', '4.79', 5, 'https://d1w7fb2mkkr3kw.cloudfront.net/assets/images/book/mid/9781/6165/9781616554828.jpg', 43, 'Pearson'),
(8805540000000, 'The Decline and Fall of the Roman Empire', 'Edward Gibbon', '2015-10-03', '8.50', 'History-Archaeology', '1.94', 10, 'https://d1w7fb2mkkr3kw.cloudfront.net/assets/images/book/mid/9781/8532/9781853264993.jpg', 44, 'Penguin Publishers'),
(8817310000000, 'How To Brew', 'John Palmer', '2015-10-03', '18.49', 'Food-Drink', '2.63', 7, 'https://d1w7fb2mkkr3kw.cloudfront.net/assets/images/book/mid/9781/9384/9781938469350.jpg', 31, 'Shueisha'),
(8818560000000, 'Making It Up As I Go Along', 'Marian Keyes', '2015-10-03', '9.87', 'Romance', '2.40', 4, 'https://d1w7fb2mkkr3kw.cloudfront.net/assets/images/book/mid/9781/4059/9781405922074.jpg', 45, 'Bonnier Books'),
(8820450000000, 'Kon Tiki', 'Thor Heyerdahl', '2015-10-03', '7.40', 'Biography', '4.51', 4, 'https://d1w7fb2mkkr3kw.cloudfront.net/assets/images/book/mid/9780/6717/9780671726522.jpg', 20, 'Harper Collins'),
(8821030000000, 'The Secret Servant', 'Daniel Silva', '2015-10-03', '9.95', 'Crime-Thriller', '3.53', 2, 'https://d1w7fb2mkkr3kw.cloudfront.net/assets/images/book/mid/9780/4512/9780451224507.jpg', 38, 'Wiley'),
(8821070000000, 'Under The Tuscan Sun', 'Frances Mayes', '2015-10-03', '9.62', 'Travel-Holiday-Guides', '3.48', 9, 'https://d1w7fb2mkkr3kw.cloudfront.net/assets/images/book/mid/9780/8575/9780857503589.jpg', 17, 'Harper Collins'),
(8823000000000, 'How to Invent Everything', 'Ryan North', '2015-10-03', '22.15', 'Science-Geography', '2.36', 10, 'https://d1w7fb2mkkr3kw.cloudfront.net/assets/images/book/mid/9780/7535/9780753552568.jpg', 46, 'Oxford University Press'),
(8825350000000, 'Each Peach Pear Plum', 'Allan Ahlberg', '2015-10-03', '5.78', 'Childrens-Books', '2.02', 7, 'https://d1w7fb2mkkr3kw.cloudfront.net/assets/images/book/mid/9780/1405/9780140506396.jpg', 15, 'Springer'),
(8826520000000, 'Working Stiff', 'Judy Melinek', '2015-10-03', '9.76', 'Medical', '4.27', 10, 'https://d1w7fb2mkkr3kw.cloudfront.net/assets/images/book/mid/9781/4767/9781476727264.jpg', 14, 'Pustak Mahal'),
(8827660000000, 'Pluto: Urasawa x Tezuka, Vol. 5', 'Naoki Urasawa', '2015-10-03', '8.83', 'Graphic-Novels-Anime-Manga', '3.83', 4, 'https://d1w7fb2mkkr3kw.cloudfront.net/assets/images/book/mid/9781/4215/9781421525839.jpg', 50, 'Tinkle'),
(8827790000000, 'Who\'s Afraid Of Virginia Woolf', 'Edward Albee', '2015-10-03', '9.76', 'Poetry-Drama', '1.64', 1, 'https://d1w7fb2mkkr3kw.cloudfront.net/assets/images/book/mid/9780/0992/9780099285694.jpg', 37, 'Am Cat Pro'),
(8828780000000, 'This Is Water', 'David Foster Wallace', '2015-10-03', '12.08', 'Personal-Development', '4.12', 9, 'https://d1w7fb2mkkr3kw.cloudfront.net/assets/images/book/mid/9780/3160/9780316068222.jpg', 24, 'Pearson'),
(8832540000000, 'Unsavory Truth', 'Marion Nestle', '2015-10-03', '18.09', 'Technology-Engineering', '2.21', 1, 'https://d1w7fb2mkkr3kw.cloudfront.net/assets/images/book/mid/9781/5416/9781541697119.jpg', 14, 'Shueisha'),
(8835020000000, 'A Whole New Mind', 'Daniel H. Pink', '2015-10-03', '15.29', 'Personal-Development', '3.98', 1, 'https://d1w7fb2mkkr3kw.cloudfront.net/assets/images/book/mid/9781/5944/9781594481710.jpg', 39, 'Springer'),
(8835700000000, 'When Hitler Stole Pink Rabbit', 'Judith Kerr', '2015-10-03', '7.80', 'Teen-Young-Adult', '1.82', 4, 'https://d1w7fb2mkkr3kw.cloudfront.net/assets/images/book/mid/9780/1424/9780142414088.jpg', 20, 'Kodansha'),
(8836640000000, 'The Hidden Power of F*cking Up', 'The Try Guys', '2015-10-03', '18.89', 'Computing', '3.73', 6, 'https://d1w7fb2mkkr3kw.cloudfront.net/assets/images/book/mid/9780/0628/9780062879615.jpg', 14, 'Tinkle'),
(8844380000000, 'The Things That Matter', 'Nate Berkus', '2015-10-03', '26.21', 'Home-Garden', '2.44', 7, 'https://d1w7fb2mkkr3kw.cloudfront.net/assets/images/book/mid/9780/6796/9780679644316.jpg', 26, 'Am Cat Pro'),
(8845300000000, 'Pinch of Nom Food Planner', 'Pinch of Nom', '2015-10-03', '9.68', 'Food-Drink', '2.50', 10, 'https://d1w7fb2mkkr3kw.cloudfront.net/assets/images/book/mid/9781/5290/9781529023060.jpg', 17, 'Pustak Mahal'),
(8845660000000, 'Jamie\'s Italy', 'Jamie Oliver', '2015-10-03', '20.34', 'Food-Drink', '4.03', 10, 'https://d1w7fb2mkkr3kw.cloudfront.net/assets/images/book/mid/9780/1410/9780141043012.jpg', 31, 'Pearson'),
(8846100000000, 'Calendar Girl: Volume One', 'Audrey Carlan', '2015-10-03', '11.44', 'Romance', '4.78', 5, 'https://d1w7fb2mkkr3kw.cloudfront.net/assets/images/book/mid/9781/9438/9781943893034.jpg', 26, 'Bonnier Books'),
(8850810000000, 'Steelheart', 'Brandon Sanderson', '2015-10-03', '7.91', 'Science-Fiction-Fantasy-Horror', '2.85', 3, 'https://d1w7fb2mkkr3kw.cloudfront.net/assets/images/book/mid/9780/5751/9780575104044.jpg', 12, 'Am Cat Pro'),
(8851920000000, 'Equine Fitness', 'Jec Aristotle Ballou', '2015-10-03', '15.75', 'Natural-History', '4.29', 6, 'https://d1w7fb2mkkr3kw.cloudfront.net/assets/images/book/mid/9781/6034/9781603424639.jpg', 37, 'Oxford University Press'),
(8853760000000, 'On The Map', 'Simon Garfield', '2015-10-03', '11.14', 'Travel-Holiday-Guides', '4.56', 8, 'https://d1w7fb2mkkr3kw.cloudfront.net/assets/images/book/mid/9781/8466/9781846685101.jpg', 20, 'Cengage'),
(8857090000000, 'The Lean Machine', 'Dantar P. Oosterwal', '2015-10-03', '15.31', 'Transport', '1.67', 6, 'https://d1w7fb2mkkr3kw.cloudfront.net/assets/images/book/mid/9780/8144/9780814432884.jpg', 30, 'Pearson'),
(8857100000000, 'Research Design', 'John W. Creswell', '2015-10-03', '57.53', 'Reference', '4.18', 8, 'https://d1w7fb2mkkr3kw.cloudfront.net/assets/images/book/mid/9781/5063/9781506386768.jpg', 26, 'Egmont'),
(8864430000000, 'Harry Potter Film Wizardry (Revised and expanded)', 'Warner Bros.', '2015-10-03', '30.54', 'Technology-Engineering', '4.95', 6, 'https://d1w7fb2mkkr3kw.cloudfront.net/assets/images/book/mid/9780/5930/9780593071717.jpg', 44, 'Jaico '),
(8865090000000, 'Jolly Phonics Word Book', 'Sue Lloyd', '2015-10-03', '3.95', 'Teaching-Resources-Education', '2.68', 6, 'https://d1w7fb2mkkr3kw.cloudfront.net/assets/images/book/mid/9781/8709/9781870946797.jpg', 27, 'Bonnier Books'),
(8866430000000, 'Piano Lessons Book One', 'Fanny Waterman', '2015-10-03', '9.79', 'Entertainment', '4.69', 6, 'https://d1w7fb2mkkr3kw.cloudfront.net/assets/images/book/mid/9780/5715/9780571500246.jpg', 14, 'Tinkle');
INSERT INTO `books` (`isbn`, `title`, `author`, `publishedDate`, `price`, `genre`, `rating`, `quantity`, `bookCover`, `totalIssues`, `publisher`) VALUES
(8868410000000, 'Porsche 944 (83 - 89)', 'Larry Warren', '2015-10-03', '24.42', 'Reference', '1.54', 2, 'https://d1w7fb2mkkr3kw.cloudfront.net/assets/images/book/mid/9781/8501/9781850106579.jpg', 13, 'Simon & Schuster'),
(8869140000000, 'To the River', 'Olivia Laing', '2015-10-03', '9.88', 'Natural-History', '3.72', 1, 'https://d1w7fb2mkkr3kw.cloudfront.net/assets/images/book/mid/9781/7868/9781786891587.jpg', 47, 'Oxford University Press'),
(8870750000000, 'VW Transporter Diesel (90 - June 03) H To 03', 'John S. Mead', '2015-10-03', '25.08', 'Transport', '3.84', 9, 'https://d1w7fb2mkkr3kw.cloudfront.net/assets/images/book/mid/9780/8573/9780857337115.jpg', 32, 'Jaico '),
(8872110000000, 'Ocean', 'Dan Kainen', '2015-10-03', '20.88', 'Graphic-Novels-Anime-Manga', '3.29', 4, 'https://d1w7fb2mkkr3kw.cloudfront.net/assets/images/book/mid/9780/7611/9780761180517.jpg', 23, 'Harper Collins'),
(8875290000000, 'The Iliad', 'Homer', '2015-10-03', '11.71', 'Poetry-Drama', '2.64', 2, 'https://d1w7fb2mkkr3kw.cloudfront.net/assets/images/book/mid/9780/1404/9780140445923.jpg', 21, 'Klett'),
(8876990000000, 'Caps for Sale', 'Esphyr Slobodkina', '2015-10-03', '0.00', 'Childrens-Books', '2.55', 3, 'https://d1w7fb2mkkr3kw.cloudfront.net/assets/images/book/mid/9780/0644/9780064431439.jpg', 22, 'Pustak Mahal'),
(8878710000000, 'Ibn Fadlan and the Land of Darkness', 'Ibn Fadlan', '2015-10-03', '11.98', 'Travel-Holiday-Guides', '3.65', 1, 'https://d1w7fb2mkkr3kw.cloudfront.net/assets/images/book/mid/9780/1404/9780140455076.jpg', 23, 'Bonnier Books'),
(8882490000000, 'Mystical Lenormand Cards', 'Regula Elizabeth Fiechter', '2015-10-03', '11.23', 'Stationery', '4.57', 6, 'https://d1w7fb2mkkr3kw.cloudfront.net/assets/images/book/mid/9781/5728/9781572815346.jpg', 22, 'Tinkle'),
(8884490000000, 'Seriously...I\'m Kidding', 'Ellen DeGeneres', '2015-10-03', '7.40', 'Humour', '2.81', 10, 'https://d1w7fb2mkkr3kw.cloudfront.net/assets/images/book/mid/9781/4555/9781455547784.jpg', 27, 'Penguin Publishers'),
(8886230000000, '50 Ways To Draw Your Beautiful, Ordinary Life', 'Flow Magazine', '2015-10-03', '20.28', 'Crafts-Hobbies', '1.11', 3, 'https://d1w7fb2mkkr3kw.cloudfront.net/assets/images/book/mid/9781/5235/9781523501151.jpg', 30, 'Wiley'),
(8891120000000, 'Spiritual Growth', 'Sanaya Roman', '2015-10-03', '15.73', 'Mind-Body-Spirit', '3.37', 10, 'https://d1w7fb2mkkr3kw.cloudfront.net/assets/images/book/mid/9780/9158/9780915811120.jpg', 16, 'Am Cat Pro'),
(8891140000000, 'By the Bundle', 'Emma Jean Jensen', '2015-10-03', '19.25', 'Crafts-Hobbies', '3.05', 4, 'https://d1w7fb2mkkr3kw.cloudfront.net/assets/images/book/mid/9781/9406/9781940655178.jpg', 10, 'Penguin Publishers'),
(8892310000000, 'Is it Just Me?', 'Miranda Hart', '2015-10-03', '8.35', 'Personal-Development', '3.94', 5, 'https://d1w7fb2mkkr3kw.cloudfront.net/assets/images/book/mid/9781/4447/9781444734164.jpg', 27, 'Tinkle'),
(8899970000000, 'The Animator\'s Survival Kit', 'Richard E. Williams', '2015-10-03', '67.41', 'Entertainment', '3.80', 5, 'https://d1w7fb2mkkr3kw.cloudfront.net/assets/images/book/mid/9780/5712/9780571238347.jpg', 32, 'Tata McGraw '),
(8901490000000, 'A Time of Gifts', 'Patrick Leigh Fermor', '2015-10-03', '9.25', 'Travel-Holiday-Guides', '4.99', 8, 'https://d1w7fb2mkkr3kw.cloudfront.net/assets/images/book/mid/9780/7195/9780719566950.jpg', 28, 'Pustak Mahal'),
(8901680000000, 'Rebel of the Sands', 'Alwyn Hamilton', '2015-10-03', '5.42', 'Teen-Young-Adult', '1.13', 10, 'https://d1w7fb2mkkr3kw.cloudfront.net/assets/images/book/mid/9780/5713/9780571325252.jpg', 30, 'Westland Publications'),
(8901770000000, 'The Complete Guide to Mid-Range Glazes', 'John Britt', '2015-10-03', '20.74', 'Crafts-Hobbies', '4.14', 4, 'https://d1w7fb2mkkr3kw.cloudfront.net/assets/images/book/mid/9781/4547/9781454707776.jpg', 31, 'Penguin Publishers'),
(8902290000000, 'The Mindful Child', 'Susan Kaiser Greenland', '2015-10-03', '12.22', 'Health', '5.00', 1, 'https://d1w7fb2mkkr3kw.cloudfront.net/assets/images/book/mid/9781/4165/9781416583004.jpg', 28, 'Shueisha'),
(8903010000000, 'The Psychopath Test', 'Jon Ronson', '2015-10-03', '14.09', 'Biography', '3.08', 3, 'https://d1w7fb2mkkr3kw.cloudfront.net/assets/images/book/mid/9781/5944/9781594485756.jpg', 20, 'Klett'),
(8903850000000, 'Investment Biker', 'Rogers Jim', '2015-10-03', '16.27', 'Transport', '2.15', 2, 'https://d1w7fb2mkkr3kw.cloudfront.net/assets/images/book/mid/9780/8129/9780812968712.jpg', 19, 'Tinkle'),
(8905170000000, 'SQL in 10 Minutes, Sams Teach Yourself', 'Ben Forta', '2015-10-03', '18.73', 'Computing', '3.07', 2, 'https://d1w7fb2mkkr3kw.cloudfront.net/assets/images/book/mid/9780/6723/9780672336072.jpg', 48, 'Pustak Mahal'),
(8909330000000, 'Piano Exam Pieces 2017 & 2018, Grade 4', 'Richard Jones', '2015-10-03', '10.55', 'Entertainment', '3.07', 8, 'https://d1w7fb2mkkr3kw.cloudfront.net/assets/images/book/mid/9781/8484/9781848498761.jpg', 41, 'Pearson'),
(8912120000000, 'The New World Champion Paper Airplane Book', 'John M. Collins', '2015-10-03', '12.26', 'Crafts-Hobbies', '1.34', 3, 'https://d1w7fb2mkkr3kw.cloudfront.net/assets/images/book/mid/9781/6077/9781607743880.jpg', 40, 'Cengage'),
(8912200000000, 'The Ultimate Sales Letter, 4th Edition', 'Dan S. Kennedy', '2015-10-03', '9.18', 'Business-Finance-Law', '3.32', 1, 'https://d1w7fb2mkkr3kw.cloudfront.net/assets/images/book/mid/9781/4405/9781440511417.jpg', 41, 'Westland Publications'),
(8912310000000, 'This House Of Grief', 'Helen Garner', '2015-10-03', '8.87', 'Business-Finance-Law', '4.42', 6, 'https://d1w7fb2mkkr3kw.cloudfront.net/assets/images/book/mid/9781/9252/9781925240689.jpg', 46, 'Egmont'),
(8914120000000, 'Biochemistry For Dummies', 'John T. Moore', '2015-10-03', '14.17', 'Science-Geography', '3.73', 4, 'https://d1w7fb2mkkr3kw.cloudfront.net/assets/images/book/mid/9781/1180/9781118021743.jpg', 50, 'Pustak Mahal'),
(8915350000000, 'Shut up Legs!', 'Jens Voigt', '2015-10-03', '10.62', 'Sport', '2.79', 9, 'https://d1w7fb2mkkr3kw.cloudfront.net/assets/images/book/mid/9781/7850/9781785031755.jpg', 16, 'Harper Collins'),
(8918330000000, 'Large Origami Paper', 'Origami', '2015-10-03', '5.90', 'Stationery', '2.46', 1, 'https://d1w7fb2mkkr3kw.cloudfront.net/assets/images/book/mid/9780/4862/9780486272955.jpg', 45, 'Oxford University Press'),
(8924490000000, 'Hacking Growth', 'Morgan Brown', '2015-10-03', '16.06', 'Business-Finance-Law', '3.38', 4, 'https://d1w7fb2mkkr3kw.cloudfront.net/assets/images/book/mid/9780/7535/9780753545379.jpg', 29, 'Harper Collins'),
(8925450000000, 'From Bacteria to Bach and Back', 'Daniel C. Dennett', '2015-10-03', '11.09', 'Science-Geography', '1.13', 1, 'https://d1w7fb2mkkr3kw.cloudfront.net/assets/images/book/mid/9780/1419/9780141978048.jpg', 27, 'Westland Publications'),
(8932480000000, 'Uniquely Human', 'PH D Barry M Prizant', '2015-10-03', '13.99', 'Medical', '4.10', 7, 'https://d1w7fb2mkkr3kw.cloudfront.net/assets/images/book/mid/9781/4767/9781476776248.jpg', 44, 'Tinkle'),
(8934300000000, 'Jab, Jab, Jab, Right Hook', 'Gary Vaynerchuk', '2015-10-03', '15.72', 'Business-Finance-Law', '4.41', 6, 'https://d1w7fb2mkkr3kw.cloudfront.net/assets/images/book/mid/9780/0622/9780062273062.jpg', 36, 'Egmont'),
(8936340000000, 'Talking to Strangers', 'Malcolm Gladwell', '2015-10-03', '17.97', 'Society-Social-Sciences', '4.92', 9, 'https://d1w7fb2mkkr3kw.cloudfront.net/assets/images/book/mid/9780/2413/9780241351574.jpg', 33, 'Shueisha'),
(8937890000000, 'M.C. Escher. The Graphic Work', 'M C Escher', '2015-10-03', '12.33', 'Science-Geography', '1.01', 1, 'https://d1w7fb2mkkr3kw.cloudfront.net/assets/images/book/mid/9783/8365/9783836529846.jpg', 22, 'Pearson'),
(8938460000000, 'How to Archer', 'Sterling Archer', '2015-10-03', '11.11', 'Art-Photography', '1.27', 9, 'https://d1w7fb2mkkr3kw.cloudfront.net/assets/images/book/mid/9780/0620/9780062066312.jpg', 18, 'Simon & Schuster'),
(8944340000000, 'Harry Potter and the Philosopher\'s Stone - Hufflepuff Edition', 'J. K. Rowling', '2015-10-03', '14.50', 'Childrens-Books', '2.11', 9, 'https://d1w7fb2mkkr3kw.cloudfront.net/assets/images/book/mid/9781/4088/9781408883808.jpg', 16, 'Klett'),
(8945480000000, 'Packing for Mars', 'Mary Roach', '2015-10-03', '9.88', 'Medical', '1.46', 1, 'https://d1w7fb2mkkr3kw.cloudfront.net/assets/images/book/mid/9781/8516/9781851688234.jpg', 40, 'Jaico '),
(8951110000000, 'Traffic', 'Tom Vanderbilt', '2015-10-03', '12.22', 'Transport', '4.63', 6, 'https://d1w7fb2mkkr3kw.cloudfront.net/assets/images/book/mid/9780/1410/9780141027395.jpg', 18, 'Simon & Schuster'),
(8953340000000, 'Rex the Big Dinosaur - Read it yourself with Ladybird', 'Ronne Randall', '2015-10-03', '5.33', 'Dictionaries-Languages', '1.83', 3, 'https://d1w7fb2mkkr3kw.cloudfront.net/assets/images/book/mid/9780/7181/9780718194635.jpg', 23, 'Jaico '),
(8959430000000, 'The Great Alone', 'Kristin Hannah', '2015-10-03', '19.56', 'Romance', '1.93', 5, 'https://d1w7fb2mkkr3kw.cloudfront.net/assets/images/book/mid/9781/4472/9781447286004.jpg', 30, 'Jaico '),
(8960380000000, 'Rescue Pilot', 'Jerry Grayson', '2015-10-03', '8.87', 'Transport', '3.25', 3, 'https://d1w7fb2mkkr3kw.cloudfront.net/assets/images/book/mid/9781/4729/9781472917942.jpg', 23, 'Oxford University Press'),
(8961670000000, 'How Writing Works', 'Roslyn Petelin', '2015-10-03', '16.98', 'Reference', '1.15', 7, 'https://d1w7fb2mkkr3kw.cloudfront.net/assets/images/book/mid/9781/9252/9781925266917.jpg', 32, 'Pustak Mahal'),
(8961990000000, 'My Book of Sentences', 'Kumon Publishing', '2015-10-03', '8.98', 'Teaching-Resources-Education', '3.90', 6, 'https://d1w7fb2mkkr3kw.cloudfront.net/assets/images/book/mid/9781/9332/9781933241388.jpg', 45, 'Penguin Publishers'),
(8966460000000, 'Into the Wild', 'Jon Krakauer', '2015-10-03', '7.08', 'Science-Geography', '2.48', 7, 'https://d1w7fb2mkkr3kw.cloudfront.net/assets/images/book/mid/9780/3304/9780330453677.jpg', 17, 'Egmont'),
(8967340000000, 'Engine Management: Advance Tuning', 'Greg Banish', '2015-10-03', '22.32', 'Technology-Engineering', '4.88', 1, 'https://d1w7fb2mkkr3kw.cloudfront.net/assets/images/book/mid/9781/9324/9781932494426.jpg', 26, 'Jaico '),
(8970930000000, 'Writing Your Dissertation in Fifteen Min', 'Joan Bolker', '2015-10-03', '15.07', 'Dictionaries-Languages', '2.98', 8, 'https://d1w7fb2mkkr3kw.cloudfront.net/assets/images/book/mid/9780/8050/9780805048919.jpg', 28, 'Springer'),
(8978950000000, 'Guilty Pleasures', 'Laurell K. Hamilton', '2015-10-03', '7.22', 'Romance', '1.07', 8, 'https://d1w7fb2mkkr3kw.cloudfront.net/assets/images/book/mid/9780/5151/9780515134490.jpg', 14, 'Klett'),
(8978990000000, 'A Storm of Swords: Part 2 Blood and Gold', 'George R. R. Martin', '2015-10-03', '9.24', 'Science-Fiction-Fantasy-Horror', '4.48', 6, 'https://d1w7fb2mkkr3kw.cloudfront.net/assets/images/book/mid/9780/0071/9780007119554.jpg', 27, 'Westland Publications'),
(8982740000000, '7 Habits Of Highly Effective People', 'Stephen R. Covey', '2015-10-03', '14.07', 'Personal-Development', '1.44', 3, 'https://d1w7fb2mkkr3kw.cloudfront.net/assets/images/book/mid/9781/4711/9781471129391.jpg', 34, 'Tata McGraw '),
(8992370000000, 'Tartine', 'Elisabeth M. Prueitt', '2015-10-03', '26.30', 'Food-Drink', '3.25', 3, 'https://d1w7fb2mkkr3kw.cloudfront.net/assets/images/book/mid/9780/8118/9780811851503.jpg', 17, 'Egmont'),
(8992450000000, 'How it Works: The Wife', 'Jason Hazeley', '2015-10-03', '7.82', 'Society-Social-Sciences', '4.47', 8, 'https://d1w7fb2mkkr3kw.cloudfront.net/assets/images/book/mid/9780/7181/9780718183547.jpg', 41, 'Westland Publications'),
(8993080000000, 'The Journey', 'Brandon Bays', '2015-10-03', '14.45', 'Religion', '4.60', 7, 'https://d1w7fb2mkkr3kw.cloudfront.net/assets/images/book/mid/9781/4516/9781451665611.jpg', 22, 'MacMillan Publishers'),
(8993750000000, 'The Sisters Brothers', 'Patrick DeWitt', '2015-10-03', '8.50', 'Crime-Thriller', '1.60', 8, 'https://d1w7fb2mkkr3kw.cloudfront.net/assets/images/book/mid/9781/8470/9781847083197.jpg', 50, 'Simon & Schuster'),
(8994210000000, 'Talking to My Daughter About the Economy', 'Yanis Varoufakis', '2015-10-03', '14.17', 'Health', '2.83', 4, 'https://d1w7fb2mkkr3kw.cloudfront.net/assets/images/book/mid/9781/8479/9781847924421.jpg', 45, 'Harper Collins'),
(8996380000000, 'Looking For Alaska', 'John Green', '2015-10-03', '7.73', 'Childrens-Books', '4.85', 2, 'https://d1w7fb2mkkr3kw.cloudfront.net/assets/images/book/mid/9780/0074/9780007424832.jpg', 20, 'Bonnier Books'),
(8997670000000, 'Rumi: Bridge to the Soul', 'Coleman Barks', '2015-10-03', '11.48', 'Religion', '1.02', 5, 'https://d1w7fb2mkkr3kw.cloudfront.net/assets/images/book/mid/9780/0613/9780061338168.jpg', 21, 'Cengage');

-- --------------------------------------------------------

--
-- Table structure for table `book_copies`
--

CREATE TABLE `book_copies` (
  `bookId` int(8) NOT NULL PRIMARY KEY AUTO_INCREMENT,
  `isbn` bigint(20) DEFAULT NULL,
  `addedAt` datetime DEFAULT current_timestamp,
  `isBorrowed` tinyint(1) DEFAULT NULL
) ENGINE=InnoDB DEFAULT CHARSET=utf8mb4;

--
-- Dumping data for table `book_copies`
--

INSERT INTO `book_copies` (`bookId`, `isbn`, `addedAt`, `isBorrowed`) VALUES
(5001, 8283310000000, '2016-03-19', 1),
(5002, 8606200000000, '2016-02-24', 1),
(5003, 8644590000000, '2017-03-19', 0),
(5004, 8550610000000, '2018-02-22', 0),
(5005, 8918330000000, '2017-03-19', 0),
(5006, 8702510000000, '2018-03-07', 0),
(5007, 8619910000000, '2018-01-21', 1),
(5008, 8126050000000, '2017-03-01', 0),
(5009, 8953340000000, '2017-03-19', 0),
(5010, 8554980000000, '2016-02-26', 0),
(5011, 8446020000000, '2016-03-27', 0),
(5012, 8744830000000, '2017-01-28', 1),
(5013, 8355250000000, '2018-01-18', 1),
(5014, 8960380000000, '2017-04-13', 1),
(5015, 8293010000000, '2018-03-08', 1),
(5016, 8289920000000, '2018-04-20', 1),
(5017, 8569980000000, '2017-03-28', 1),
(5018, 8244750000000, '2018-04-20', 0),
(5019, 8593510000000, '2017-04-24', 0),
(5020, 8720700000000, '2018-01-05', 0),
(5021, 8272540000000, '2018-01-06', 1),
(5022, 8277690000000, '2018-01-01', 0),
(5023, 8603470000000, '2018-03-16', 0),
(5024, 8366520000000, '2018-01-09', 0),
(5025, 8761950000000, '2018-03-18', 1),
(5026, 8654260000000, '2018-02-22', 0),
(5027, 8357830000000, '2018-03-16', 1),
(5028, 8601130000000, '2017-02-15', 1),
(5029, 8875290000000, '2017-01-06', 0),
(5030, 8938460000000, '2018-04-09', 1),
(5031, 8823000000000, '2018-04-09', 0),
(5032, 8596700000000, '2018-01-14', 1),
(5033, 8599340000000, '2016-01-14', 0),
(5034, 8420080000000, '2018-01-02', 0),
(5035, 8482170000000, '2016-01-02', 0),
(5036, 8851920000000, '2017-04-25', 0),
(5037, 8673870000000, '2018-02-08', 0),
(5038, 8800870000000, '2018-01-03', 1),
(5039, 8228920000000, '2017-04-22', 0),
(5040, 8110080000000, '2018-04-26', 1),
(5041, 8564890000000, '2017-03-09', 1),
(5042, 8233960000000, '2016-04-20', 0),
(5043, 8799450000000, '2017-04-12', 0),
(5044, 8514870000000, '2018-01-26', 1),
(5045, 8201100000000, '2018-02-28', 1),
(5046, 8238890000000, '2017-04-07', 1),
(5047, 8264580000000, '2018-01-08', 1),
(5048, 8925450000000, '2018-03-03', 1),
(5049, 8448420000000, '2017-02-22', 0),
(5050, 8533250000000, '2017-01-27', 1),
(5051, 8901770000000, '2016-02-06', 1),
(5052, 8035770000000, '2017-03-26', 0),
(5053, 8337600000000, '2017-02-25', 0),
(5054, 8764480000000, '2017-03-09', 0),
(5055, 8836640000000, '2017-03-05', 0),
(5056, 8872110000000, '2017-03-19', 0),
(5057, 8436220000000, '2018-01-03', 0),
(5058, 8892310000000, '2017-04-19', 0),
(5059, 8085960000000, '2016-04-07', 0),
(5060, 8750630000000, '2017-03-11', 0),
(5061, 8001290000000, '2018-04-24', 1),
(5062, 8645980000000, '2017-03-07', 0),
(5063, 8155580000000, '2017-03-28', 1),
(5064, 8124500000000, '2016-02-01', 0),
(5065, 8154960000000, '2018-03-08', 0),
(5066, 8504810000000, '2016-04-26', 0),
(5067, 8828780000000, '2017-02-06', 0),
(5068, 8426210000000, '2018-01-20', 0),
(5069, 8491940000000, '2017-03-25', 0),
(5070, 8037880000000, '2017-04-24', 1),
(5071, 8424780000000, '2017-03-03', 1),
(5072, 8924490000000, '2017-03-05', 1),
(5073, 8790860000000, '2017-01-13', 1),
(5074, 8138840000000, '2017-03-09', 1),
(5075, 8763950000000, '2018-01-06', 0),
(5076, 8690410000000, '2018-02-01', 0),
(5077, 8053530000000, '2018-02-06', 1),
(5078, 8319610000000, '2018-03-09', 0),
(5079, 8469620000000, '2018-02-28', 1),
(5080, 8282690000000, '2016-03-13', 0),
(5081, 8545290000000, '2016-02-20', 0),
(5082, 8596600000000, '2018-04-17', 1),
(5083, 8901490000000, '2016-01-21', 0),
(5084, 8671620000000, '2018-04-10', 1),
(5085, 8234540000000, '2016-02-24', 1),
(5086, 8503210000000, '2018-01-16', 0),
(5087, 8088980000000, '2018-04-24', 1),
(5088, 8866430000000, '2017-04-07', 0),
(5089, 8827790000000, '2017-04-01', 1),
(5090, 8147800000000, '2018-02-22', 1),
(5091, 8272050000000, '2016-02-13', 0),
(5092, 8125500000000, '2018-01-10', 0),
(5093, 8568260000000, '2018-03-12', 1),
(5094, 8562410000000, '2017-01-12', 0),
(5095, 8857100000000, '2016-02-19', 0),
(5096, 8541220000000, '2018-04-02', 1),
(5097, 8966460000000, '2018-04-22', 1),
(5098, 8297250000000, '2017-02-17', 1),
(5099, 8644700000000, '2016-02-03', 1),
(5100, 8835700000000, '2018-01-25', 1),
(5101, 8609500000000, '2018-03-18', 1),
(5102, 8028330000000, '2017-04-06', 1),
(5103, 8568320000000, '2017-03-25', 0),
(5104, 8353190000000, '2016-02-28', 1),
(5105, 8243860000000, '2018-01-05', 0),
(5106, 8726180000000, '2017-04-08', 0),
(5107, 8379620000000, '2017-04-01', 0),
(5108, 8591030000000, '2016-03-23', 1),
(5109, 8224170000000, '2018-04-09', 1),
(5110, 8406300000000, '2016-01-11', 1),
(5111, 8086470000000, '2016-04-01', 0),
(5112, 8345260000000, '2018-01-03', 0),
(5113, 8961990000000, '2016-04-22', 0),
(5114, 8614820000000, '2016-02-27', 1),
(5115, 8692760000000, '2018-01-14', 1),
(5116, 8853760000000, '2017-01-20', 0),
(5117, 8771450000000, '2018-02-02', 0),
(5118, 8886230000000, '2018-02-12', 0),
(5119, 8658970000000, '2017-02-08', 1),
(5120, 8094100000000, '2016-02-04', 0),
(5121, 8058760000000, '2018-02-04', 0),
(5122, 8200320000000, '2018-04-21', 0),
(5123, 8598850000000, '2018-03-09', 0),
(5124, 8191890000000, '2017-03-08', 1),
(5125, 8937890000000, '2016-03-03', 1),
(5126, 8163250000000, '2017-01-15', 0),
(5127, 8595530000000, '2017-02-17', 1),
(5128, 8243150000000, '2017-01-22', 0),
(5129, 8242980000000, '2016-01-01', 0),
(5130, 8458340000000, '2016-03-25', 1),
(5131, 8691020000000, '2018-01-03', 0),
(5132, 8500140000000, '2017-04-22', 0),
(5133, 8123970000000, '2017-01-08', 1),
(5134, 8135870000000, '2016-03-19', 0),
(5135, 8104860000000, '2017-04-06', 0),
(5136, 8638190000000, '2017-01-22', 0),
(5137, 8598620000000, '2017-03-05', 0),
(5138, 8321400000000, '2018-03-27', 0),
(5139, 8563920000000, '2018-02-18', 0),
(5140, 8934300000000, '2016-04-02', 1),
(5141, 8739510000000, '2017-02-20', 1),
(5142, 8028030000000, '2016-01-19', 0),
(5143, 8835020000000, '2018-02-21', 0),
(5144, 8876990000000, '2017-01-04', 0),
(5145, 8844380000000, '2017-03-17', 0),
(5146, 8405570000000, '2017-01-18', 0),
(5147, 8290040000000, '2017-02-20', 1),
(5148, 8219040000000, '2016-01-19', 0),
(5149, 8388640000000, '2017-02-16', 0),
(5150, 8992370000000, '2017-04-14', 0),
(5151, 8846100000000, '2018-02-11', 0),
(5152, 8412380000000, '2016-01-07', 1),
(5153, 8032580000000, '2017-04-28', 0),
(5154, 8194060000000, '2017-02-16', 1),
(5155, 8313520000000, '2017-01-12', 0),
(5156, 8279390000000, '2016-04-24', 0),
(5157, 8905170000000, '2018-03-17', 1),
(5158, 8967340000000, '2018-02-27', 1),
(5159, 8307400000000, '2016-04-02', 0),
(5160, 8493500000000, '2018-02-27', 1),
(5161, 8733370000000, '2016-04-24', 0),
(5162, 8245590000000, '2017-01-27', 0),
(5163, 8680720000000, '2018-04-06', 1),
(5164, 8375370000000, '2018-03-17', 1),
(5165, 8556650000000, '2018-01-04', 0),
(5166, 8042340000000, '2018-02-08', 1),
(5167, 8266360000000, '2016-01-09', 0),
(5168, 8081280000000, '2017-03-09', 1),
(5169, 8590130000000, '2018-03-19', 1),
(5170, 8373990000000, '2017-04-03', 0),
(5171, 8012330000000, '2016-04-28', 0),
(5172, 8525830000000, '2016-01-20', 1),
(5173, 8139950000000, '2018-01-19', 1),
(5174, 8094050000000, '2017-03-27', 1),
(5175, 8700190000000, '2016-02-10', 0),
(5176, 8055350000000, '2018-04-09', 0),
(5177, 8712150000000, '2016-01-20', 0),
(5178, 8157910000000, '2018-02-14', 0),
(5179, 8094700000000, '2017-03-03', 1),
(5180, 8748380000000, '2016-02-27', 0),
(5181, 8254900000000, '2018-01-04', 0),
(5182, 8882490000000, '2017-04-14', 0),
(5183, 8223020000000, '2016-03-11', 0),
(5184, 8574020000000, '2017-04-26', 0),
(5185, 8748190000000, '2017-01-01', 1),
(5186, 8130730000000, '2016-03-09', 1),
(5187, 8682770000000, '2018-01-14', 0),
(5188, 8393900000000, '2016-03-20', 0),
(5189, 8254810000000, '2017-03-15', 0),
(5190, 8219330000000, '2016-01-05', 0),
(5191, 8647130000000, '2017-04-22', 1),
(5192, 8535240000000, '2017-02-10', 0),
(5193, 8323110000000, '2018-03-01', 1),
(5194, 8128820000000, '2017-03-27', 1),
(5195, 8431500000000, '2018-04-16', 0),
(5196, 8386370000000, '2018-03-13', 0),
(5197, 8409800000000, '2017-03-13', 0),
(5198, 8031650000000, '2018-01-18', 0),
(5199, 8132040000000, '2018-03-06', 1),
(5200, 8205300000000, '2017-04-01', 1),
(5201, 8488820000000, '2018-03-27', 0),
(5202, 8287460000000, '2016-01-07', 0),
(5203, 8697180000000, '2017-01-18', 0),
(5204, 8392470000000, '2016-04-09', 0),
(5205, 8361140000000, '2018-04-21', 0),
(5206, 8350550000000, '2016-03-04', 1),
(5207, 8605030000000, '2016-02-01', 0),
(5208, 8423020000000, '2018-02-11', 1),
(5209, 8891120000000, '2016-01-17', 0),
(5210, 8555210000000, '2018-02-09', 1),
(5211, 8548060000000, '2018-02-16', 0),
(5212, 8397370000000, '2017-04-13', 0),
(5213, 8284090000000, '2018-03-18', 0),
(5214, 8166790000000, '2017-04-01', 1),
(5215, 8168940000000, '2016-02-10', 1),
(5216, 8735840000000, '2017-04-02', 0),
(5217, 8287100000000, '2016-01-24', 0),
(5218, 8686260000000, '2016-01-07', 1),
(5219, 8398880000000, '2016-02-07', 0),
(5220, 8792470000000, '2016-04-09', 0),
(5221, 8453590000000, '2018-04-09', 0),
(5222, 8961670000000, '2018-01-23', 0),
(5223, 8338130000000, '2016-03-10', 1),
(5224, 8606040000000, '2017-03-20', 1),
(5225, 8311200000000, '2017-02-12', 0),
(5226, 8901680000000, '2017-02-14', 0),
(5227, 8231170000000, '2016-02-22', 0),
(5228, 8994210000000, '2018-03-05', 0),
(5229, 8970930000000, '2016-01-01', 1),
(5230, 8821070000000, '2018-02-24', 1),
(5231, 8944340000000, '2016-01-27', 0),
(5232, 8310090000000, '2017-04-02', 1),
(5233, 8171790000000, '2016-03-15', 1),
(5234, 8891140000000, '2018-02-04', 1),
(5235, 8563040000000, '2018-04-19', 1),
(5236, 8753200000000, '2016-03-18', 1),
(5237, 8563390000000, '2017-03-19', 1),
(5238, 8794240000000, '2018-02-24', 1),
(5239, 8992450000000, '2018-03-12', 0),
(5240, 8220290000000, '2018-01-27', 1),
(5241, 8003430000000, '2018-02-10', 1),
(5242, 8613600000000, '2016-02-07', 1),
(5243, 8219210000000, '2016-04-19', 1),
(5244, 8562990000000, '2017-04-02', 0),
(5245, 8804680000000, '2017-02-20', 0),
(5246, 8280690000000, '2018-03-12', 1),
(5247, 8540310000000, '2016-02-13', 1),
(5248, 8272670000000, '2016-03-19', 1),
(5249, 8993750000000, '2016-04-27', 1),
(5250, 8909330000000, '2017-03-05', 1),
(5251, 8659100000000, '2016-03-14', 0),
(5252, 8490360000000, '2018-01-14', 1),
(5253, 8878710000000, '2016-03-27', 1),
(5254, 8788530000000, '2017-02-25', 0),
(5255, 8148540000000, '2018-02-10', 0),
(5256, 8936340000000, '2018-02-14', 1),
(5257, 8300220000000, '2017-03-13', 0),
(5258, 8128450000000, '2016-03-24', 0),
(5259, 8203920000000, '2017-04-16', 0),
(5260, 8770490000000, '2016-02-11', 1),
(5261, 8618520000000, '2017-01-08', 1),
(5262, 8668790000000, '2016-02-28', 1),
(5263, 8357790000000, '2016-03-28', 1),
(5264, 8274170000000, '2016-03-19', 0),
(5265, 8912120000000, '2016-02-07', 0),
(5266, 8269380000000, '2018-02-02', 0),
(5267, 8868410000000, '2017-04-08', 0),
(5268, 8755100000000, '2018-03-14', 1),
(5269, 8295480000000, '2018-02-04', 1),
(5270, 8190180000000, '2016-04-09', 0),
(5271, 8291630000000, '2017-03-19', 0),
(5272, 8899970000000, '2017-02-05', 1),
(5273, 8608080000000, '2017-01-07', 1),
(5274, 8463920000000, '2017-04-10', 1),
(5275, 8576410000000, '2018-02-01', 0),
(5276, 8818560000000, '2016-01-05', 1),
(5277, 8820450000000, '2018-02-09', 1),
(5278, 8069730000000, '2016-01-28', 1),
(5279, 8184210000000, '2017-01-03', 0),
(5280, 8754250000000, '2016-04-09', 0),
(5281, 8735840300000, '2018-02-20', 1),
(5282, 8694540000000, '2018-02-14', 0),
(5283, 8070250000000, '2018-02-03', 1),
(5284, 8817310000000, '2017-03-11', 1),
(5285, 8490330000000, '2016-03-26', 1),
(5286, 8602870000000, '2017-01-19', 0),
(5287, 8283640000000, '2017-03-05', 0),
(5288, 8214890000000, '2016-04-02', 1),
(5289, 8452990000000, '2018-02-04', 1),
(5290, 8561190000000, '2016-02-01', 1),
(5291, 8603090000000, '2018-03-12', 0),
(5292, 8543480000000, '2017-03-17', 0),
(5293, 8293930000000, '2017-03-12', 1),
(5294, 8762390000000, '2016-03-03', 0),
(5295, 8600640000000, '2016-01-09', 0),
(5296, 8794390000000, '2018-04-24', 1),
(5297, 8915350000000, '2018-04-16', 0),
(5298, 8256400000000, '2016-04-01', 1),
(5299, 8664460000000, '2018-02-02', 0),
(5300, 8536470000000, '2016-03-18', 1),
(5301, 8311730000000, '2016-01-27', 0),
(5302, 8667330000000, '2018-02-14', 0),
(5303, 8416840000000, '2017-04-08', 1),
(5304, 8605370000000, '2016-03-19', 0),
(5305, 8993080000000, '2016-04-12', 1),
(5306, 8393060000000, '2016-01-21', 1),
(5307, 8638160000000, '2018-01-27', 1),
(5308, 8167940000000, '2018-02-08', 0),
(5309, 8678870000000, '2017-02-26', 0),
(5310, 8352210000000, '2016-01-08', 1),
(5311, 8534780000000, '2016-01-16', 0),
(5312, 8363150000000, '2016-03-26', 1),
(5313, 8482340000000, '2018-02-01', 0),
(5314, 8468850000000, '2017-02-20', 0),
(5315, 8122730000000, '2016-03-14', 0),
(5316, 8419680000000, '2017-02-12', 1),
(5317, 8016850000000, '2017-02-28', 0),
(5318, 8361600000000, '2016-03-22', 0),
(5319, 8344080000000, '2017-02-24', 1),
(5320, 8474210000000, '2018-04-17', 0),
(5321, 8530720000000, '2018-04-19', 1),
(5322, 8644770000000, '2017-02-03', 0),
(5323, 8405360000000, '2016-02-21', 0),
(5324, 8331600000000, '2017-04-13', 0),
(5325, 8661150000000, '2016-03-03', 1),
(5326, 8735310000000, '2017-03-27', 1),
(5327, 8089920000000, '2017-02-06', 0),
(5328, 8865090000000, '2018-04-14', 1),
(5329, 8698940000000, '2016-04-18', 0),
(5330, 8052780000000, '2016-04-17', 0),
(5331, 8274760000000, '2017-02-07', 1),
(5332, 8884490000000, '2016-01-11', 0),
(5333, 8038660000000, '2016-02-06', 0),
(5334, 8353660000000, '2016-04-06', 0),
(5335, 8456850000000, '2017-02-16', 0),
(5336, 8510450000000, '2016-01-19', 0),
(5337, 8224460000000, '2017-01-20', 0),
(5338, 8845300000000, '2017-03-28', 1),
(5339, 8496440000000, '2016-03-04', 1),
(5340, 8212550000000, '2016-01-03', 0),
(5341, 8371490000000, '2018-01-11', 0),
(5342, 8850810000000, '2017-04-25', 1),
(5343, 8075210000000, '2016-04-20', 1),
(5344, 8162710000000, '2017-03-03', 1),
(5345, 8466600000000, '2018-03-09', 0),
(5346, 8331380000000, '2018-04-08', 1),
(5347, 8252340000000, '2016-01-20', 1),
(5348, 8763210000000, '2017-03-23', 1),
(5349, 8760380000000, '2018-02-22', 0),
(5350, 8804350000000, '2016-02-06', 0),
(5351, 8670570000000, '2016-01-19', 1),
(5352, 8735920000000, '2016-01-21', 1),
(5353, 8733950000000, '2018-01-13', 0),
(5354, 8678790000000, '2017-04-26', 0),
(5355, 8603810000000, '2018-01-14', 0),
(5356, 8536710000000, '2018-02-25', 0),
(5357, 8359570000000, '2017-01-26', 0),
(5358, 8903850000000, '2018-04-02', 1),
(5359, 8680660000000, '2018-03-09', 0),
(5360, 8114540000000, '2016-03-06', 1),
(5361, 8126040000000, '2016-01-22', 0),
(5362, 8825350000000, '2016-01-19', 1),
(5363, 8200100000000, '2018-01-26', 0),
(5364, 8832540000000, '2016-01-01', 0),
(5365, 8718930000000, '2018-02-19', 1),
(5366, 8097300000000, '2016-02-05', 1),
(5367, 8147780000000, '2016-02-21', 0),
(5368, 8179300000000, '2018-01-15', 0),
(5369, 8912200000000, '2017-01-22', 0),
(5370, 8253400000000, '2017-03-20', 0),
(5371, 8489790000000, '2017-01-12', 1),
(5372, 8771500000000, '2017-04-21', 0),
(5373, 8748220000000, '2018-02-07', 0),
(5374, 8268040000000, '2016-04-06', 0),
(5375, 8429960000000, '2018-02-17', 1),
(5376, 8000400000000, '2018-03-17', 1),
(5377, 8483750000000, '2016-01-01', 0),
(5378, 8658820000000, '2018-03-09', 0),
(5379, 8694550000000, '2016-04-01', 0),
(5380, 8870750000000, '2017-01-07', 1),
(5381, 8978950000000, '2018-02-13', 0),
(5382, 8273890000000, '2018-04-11', 1),
(5383, 8466340000000, '2017-04-08', 1),
(5384, 8440410000000, '2017-04-02', 1),
(5385, 8737720000000, '2018-02-01', 0),
(5386, 8826520000000, '2016-01-05', 1),
(5387, 8252590000000, '2016-02-14', 0),
(5388, 8594980000000, '2017-03-14', 1),
(5389, 8240650000000, '2016-02-14', 1),
(5390, 8282270000000, '2018-04-27', 1),
(5391, 8523480000000, '2017-04-01', 0),
(5392, 8305530000000, '2017-02-03', 0),
(5393, 8068220000000, '2017-03-09', 0),
(5394, 8069430000000, '2016-03-24', 0),
(5395, 8052060000000, '2016-03-12', 1),
(5396, 8730610000000, '2017-03-13', 0),
(5397, 8352720000000, '2016-01-10', 1),
(5398, 8584360000000, '2017-03-23', 0),
(5399, 8265190000000, '2016-01-21', 1),
(5400, 8754520000000, '2017-02-10', 1),
(5401, 8376440000000, '2016-02-24', 1),
(5402, 8003830000000, '2018-04-25', 1),
(5403, 8408210000000, '2018-01-22', 0),
(5404, 8042870000000, '2017-01-21', 1),
(5405, 8223450000000, '2016-01-04', 1),
(5406, 8308110000000, '2017-03-17', 0),
(5407, 8596520000000, '2016-03-19', 0),
(5408, 8864430000000, '2018-01-21', 0),
(5409, 8094940000000, '2016-01-25', 1),
(5410, 8558010000000, '2016-01-18', 0),
(5411, 8590880000000, '2018-01-27', 0),
(5412, 8459840000000, '2016-03-27', 1),
(5413, 8237210000000, '2016-04-17', 0),
(5414, 8365190000000, '2017-01-09', 1),
(5415, 8647430000000, '2018-02-02', 1),
(5416, 8343590000000, '2018-03-27', 1),
(5417, 8762140000000, '2018-04-13', 1),
(5418, 8030310000000, '2016-01-14', 1),
(5419, 8959430000000, '2017-03-19', 1),
(5420, 8912310000000, '2017-03-21', 1),
(5421, 8712110000000, '2016-03-10', 1),
(5422, 8541890000000, '2016-03-18', 0),
(5423, 8800530000000, '2018-01-13', 0),
(5424, 8280780000000, '2018-02-24', 1),
(5425, 8496070000000, '2016-01-12', 1),
(5426, 8996380000000, '2016-03-10', 0),
(5427, 8997670000000, '2018-04-14', 1),
(5428, 8722830000000, '2017-01-02', 1),
(5429, 8194200000000, '2017-04-14', 0),
(5430, 8260420000000, '2016-02-16', 1),
(5431, 8827660000000, '2018-02-19', 0),
(5432, 8067420000000, '2016-04-24', 0),
(5433, 8074570000000, '2017-04-10', 1),
(5434, 8416540000000, '2016-03-05', 1),
(5435, 8555850000000, '2017-02-11', 1),
(5436, 8114880000000, '2017-03-14', 0),
(5437, 8462330000000, '2017-03-11', 0),
(5438, 8212980000000, '2018-03-17', 1),
(5439, 8734690000000, '2018-01-14', 0),
(5440, 8238390000000, '2018-04-24', 1),
(5441, 8945480000000, '2018-02-09', 1),
(5442, 8869140000000, '2016-03-01', 0),
(5443, 8412570000000, '2016-02-22', 1),
(5444, 8204370000000, '2018-04-25', 0),
(5445, 8749830000000, '2018-02-02', 0),
(5446, 8105120000000, '2017-04-20', 1),
(5447, 8008900000000, '2017-01-24', 0),
(5448, 8186910000000, '2018-01-14', 1),
(5449, 8530700000000, '2017-04-19', 1),
(5450, 8312070000000, '2018-04-15', 1),
(5451, 8785150000000, '2018-02-05', 0),
(5452, 8675230000000, '2017-03-26', 0),
(5453, 8169820000000, '2016-01-09', 1),
(5454, 8903010000000, '2017-03-22', 1),
(5455, 8845660000000, '2018-03-15', 1),
(5456, 8445510000000, '2018-03-19', 0),
(5457, 8951110000000, '2017-02-20', 1),
(5458, 8269060000000, '2016-04-13', 0),
(5459, 8372300000000, '2017-04-07', 1),
(5460, 8199000000000, '2016-01-23', 1),
(5461, 8821030000000, '2018-03-19', 0),
(5462, 8015690000000, '2017-03-27', 0),
(5463, 8276310000000, '2018-02-10', 1),
(5464, 8227200000000, '2016-03-07', 1),
(5465, 8914120000000, '2017-03-22', 1),
(5466, 8108200000000, '2016-02-10', 1),
(5467, 8282140000000, '2016-03-23', 0),
(5468, 8062780000000, '2018-01-14', 1),
(5469, 8100690000000, '2016-02-26', 1),
(5470, 8982740000000, '2016-03-17', 0),
(5471, 8558720000000, '2017-01-21', 0),
(5472, 8338050000000, '2017-03-05', 1),
(5473, 8231380000000, '2016-04-12', 0),
(5474, 8465760000000, '2016-04-07', 0),
(5475, 8902290000000, '2017-01-26', 1),
(5476, 8932480000000, '2017-03-23', 0),
(5477, 8241950000000, '2016-01-23', 1),
(5478, 8725570000000, '2017-01-16', 1),
(5479, 8545230000000, '2017-04-19', 1),
(5480, 8634720000000, '2017-03-24', 1),
(5481, 8620220000000, '2017-01-26', 1),
(5482, 8407540000000, '2017-03-03', 0),
(5483, 8460550000000, '2016-02-04', 0),
(5484, 8714210000000, '2016-02-07', 1),
(5485, 8167390000000, '2018-03-22', 0),
(5486, 8106510000000, '2017-04-19', 0),
(5487, 8157470000000, '2018-01-11', 1),
(5488, 8317730000000, '2017-03-17', 1),
(5489, 8479490000000, '2016-01-11', 0),
(5490, 8857090000000, '2018-03-18', 0),
(5491, 8555990000000, '2016-04-12', 1),
(5492, 8020080000000, '2017-01-24', 0),
(5493, 8423830000000, '2016-04-05', 0),
(5494, 8665830000000, '2018-01-23', 0),
(5495, 8685240000000, '2018-04-18', 0),
(5496, 8805540000000, '2017-02-20', 0),
(5497, 8243840000000, '2018-01-02', 0),
(5498, 8457150000000, '2018-01-07', 1),
(5499, 8799570000000, '2018-03-01', 0),
(5500, 8978990000000, '2016-01-07', 1);

-- --------------------------------------------------------

--
-- Table structure for table `book_issues`
--

CREATE TABLE `book_issues` (
  `bookIssueId` int(11) NOT NULL PRIMARY KEY AUTO_INCREMENT,
  `userId` int(8) DEFAULT NULL,
  `bookId` int(8) DEFAULT NULL,
  `isbn` bigint(20) DEFAULT NULL,
  `borrowDate` datetime DEFAULT current_timestamp,
  `returnDate` date DEFAULT NULL,
  `fineDue` int(4) DEFAULT NULL,
  `isFinePaid` tinyint(4) DEFAULT NULL
) ENGINE=InnoDB DEFAULT CHARSET=utf8mb4;

--
-- Dumping data for table `book_issues`
--

INSERT INTO `book_issues` (`bookIssueId`, `userId`, `bookId`, `isbn`, `borrowDate`, `returnDate`, `fineDue`, `isFinePaid`) VALUES
(202101, 70, 5001, 8283310000000, '2020-03-09', '2020-04-02', 46, 1),
(202102, 103, 5002, 8606200000000, '2020-02-08', '2020-02-29', 38, 1),
(202103, 23, 5003, 8644590000000, '2019-01-15', '2019-02-08', 24, 1),
(202104, 51, 5004, 8550610000000, '2021-03-21', '2021-04-14', 39, 0),
(202105, 1, 5005, 8918330000000, '2021-02-23', '2021-03-12', 47, 0),
(202106, 101, 5006, 8702510000000, '2021-03-14', '2021-04-05', 11, 0),
(202107, 136, 5007, 8619910000000, '2021-01-22', '2021-02-14', 19, 0),
(202108, 68, 5008, 8126050000000, '2020-03-02', '2020-03-24', 46, 1),
(202109, 23, 5009, 8953340000000, '2020-02-07', '2020-02-23', 37, 0),
(202110, 148, 5010, 8554980000000, '2021-01-26', '2021-02-12', 8, 0),
(202111, 44, 5011, 8446020000000, '2019-03-16', '2019-04-01', 31, 1),
(202112, 26, 5012, 8744830000000, '2019-01-22', '2019-02-16', 39, 0),
(202113, 124, 5013, 8355250000000, '2021-02-22', '2021-03-15', 10, 0),
(202114, 120, 5014, 8960380000000, '2021-01-02', '2021-01-23', 14, 1),
(202115, 19, 5015, 8293010000000, '2020-02-08', '2020-02-28', 44, 1),
(202116, 92, 5016, 8289920000000, '2021-01-03', '2021-01-20', 26, 0),
(202117, 78, 5017, 8569980000000, '2021-02-03', '2021-02-26', 45, 1),
(202118, 194, 5018, 8244750000000, '2021-02-02', '2021-02-26', 30, 0),
(202119, 114, 5019, 8593510000000, '2020-02-07', '2020-02-24', 48, 1),
(202120, 170, 5020, 8720700000000, '2021-02-12', '2021-03-03', 41, 0),
(202121, 36, 5021, 8272540000000, '2019-03-24', '2019-04-18', 44, 0),
(202122, 85, 5022, 8277690000000, '2021-02-03', '2021-02-21', 15, 0),
(202123, 12, 5023, 8603470000000, '2021-02-24', '2021-03-19', 13, 1),
(202124, 131, 5024, 8366520000000, '2020-01-14', '2020-02-06', 43, 1),
(202125, 7, 5025, 8761950000000, '2021-01-04', '2021-01-27', 30, 1),
(202126, 123, 5026, 8654260000000, '2021-03-05', '2021-03-27', 46, 0),
(202127, 164, 5027, 8357830000000, '2021-02-08', '2021-03-05', 44, 0),
(202128, 120, 5028, 8601130000000, '2020-02-27', '2020-03-22', 40, 1),
(202129, 143, 5029, 8875290000000, '2019-01-12', '2019-02-04', 29, 0),
(202130, 48, 5030, 8938460000000, '2020-02-01', '2020-02-25', 29, 1),
(202131, 31, 5031, 8823000000000, '2021-02-28', '2021-03-25', 49, 0),
(202132, 184, 5032, 8596700000000, '2020-03-07', '2020-03-24', 6, 0),
(202133, 85, 5033, 8599340000000, '2021-02-23', '2021-03-13', 9, 1),
(202134, 174, 5034, 8420080000000, '2020-02-23', '2020-03-12', 27, 1),
(202135, 127, 5035, 8482170000000, '2021-02-12', '2021-03-08', 33, 1),
(202136, 158, 5036, 8851920000000, '2019-01-27', '2019-02-21', 18, 1),
(202137, 15, 5037, 8673870000000, '2021-01-24', '2021-02-13', 30, 0),
(202138, 196, 5038, 8800870000000, '2019-03-08', '2019-04-02', 38, 0),
(202139, 109, 5039, 8228920000000, '2019-03-02', '2019-03-20', 22, 0),
(202140, 168, 5040, 8110080000000, '2021-01-01', '2021-01-21', 10, 1),
(202141, 193, 5041, 8564890000000, '2020-03-20', '2020-04-11', 24, 1),
(202142, 196, 5042, 8233960000000, '2021-03-28', '2021-04-17', 31, 1),
(202143, 16, 5043, 8799450000000, '2021-03-23', '2021-04-12', 36, 1),
(202144, 180, 5044, 8514870000000, '2021-03-12', '2021-04-05', 16, 0),
(202145, 115, 5045, 8201100000000, '2021-01-15', '2021-02-06', 17, 0),
(202146, 185, 5046, 8238890000000, '2019-03-25', '2019-04-10', 10, 1),
(202147, 96, 5047, 8264580000000, '2020-02-19', '2020-03-09', 13, 0),
(202148, 48, 5048, 8925450000000, '2021-01-21', '2021-02-13', 17, 0),
(202149, 45, 5049, 8448420000000, '2021-01-09', '2021-01-31', 36, 0),
(202150, 199, 5050, 8533250000000, '2021-02-17', '2021-03-06', 17, 0);

-- --------------------------------------------------------

--
-- Table structure for table `book_requests`
--

CREATE TABLE `book_requests` (
  `bookRequestId` int(8) NOT NULL PRIMARY KEY AUTO_INCREMENT,
  `userId` int(8) DEFAULT NULL,
  `title` varchar(200) DEFAULT NULL,
  `author` varchar(100) DEFAULT NULL,
  `requestedAt` datetime DEFAULT current_timestamp
) ;

--
-- Dumping data for table `book_requests`
--

INSERT INTO `book_requests` (`bookRequestId`, `userId`, `title`, `author`, `requestedAt`) VALUES
(1001, 15, 'Natural Sheep Care', 'Pat Coleby', '2019-01-09'),
(1002, 141, 'My Book of Sentences', 'Kumon Publishing', '2021-02-03'),
(1003, 147, 'Spiritual Growth', 'Sanaya Roman', '2021-03-19'),
(1004, 130, 'Dead Reckoning', 'Charlaine Harris', '2021-01-11'),
(1005, 194, 'The Little SAS Book', 'Lora Delwiche', '2020-03-01'),
(1006, 91, 'RHS Propagating Plants', 'Alan R. Toogood', '2021-03-22'),
(1007, 10, 'Dialogues and Essays', 'Seneca', '2021-02-04'),
(1008, 42, 'The Power of Silence', 'Cardinal Robert Sarah', '2020-02-28'),
(1009, 99, 'Art Forms in Nature: The Prints of Ernst Haeckel', 'Ernst Haeckel', '2021-03-13'),
(1010, 104, 'Meetings with Remarkable Manuscripts', 'Christopher De Hamel', '2020-03-19'),
(1011, 18, 'Great Lies to Tell Small Kids', 'Andy Riley', '2020-01-13'),
(1012, 181, 'Grinding it Out', 'Ray Kroc', '2020-03-04'),
(1013, 17, 'The Decline and Fall of the Roman Empire', 'Edward Gibbon', '2020-02-16'),
(1014, 113, 'The Iliad', 'Homer', '2019-01-03'),
(1015, 184, 'Guilty Pleasures', 'Laurell K. Hamilton', '2021-01-24'),
(1016, 138, '50 Ways To Draw Your Beautiful, Ordinary Life', 'Flow Magazine', '2020-02-10'),
(1017, 55, 'The Culture Code', 'Daniel Coyle', '2021-01-11'),
(1018, 161, 'Walt Disney\'s Donald Duck', 'Carl Barks', '2020-03-20'),
(1019, 39, 'Fingerprints Of The Gods', 'Graham Hancock', '2021-03-04'),
(1020, 50, 'How To Get Dressed', 'Alison Freer', '2021-01-16'),
(1021, 194, 'The Unschooling Handbook', 'Mary Griffith', '2019-01-02'),
(1022, 12, 'This Is Water', 'David Foster Wallace', '2019-03-18'),
(1023, 35, 'Textbook of Ayurveda', 'Vasant Lad', '2021-01-22'),
(1024, 33, 'Essentials of Swedish Grammar', 'Ake Viberg', '2021-03-02'),
(1025, 59, 'The Great Alone', 'Kristin Hannah', '2020-02-12'),
(1026, 66, 'The Autism Discussion Page on the core challenges of autism', 'Bill Nason', '2019-02-06'),
(1027, 12, 'Quiet', 'Susan Cain', '2020-03-06'),
(1028, 118, 'Becoming Myself', 'Irvin D. Yalom', '2020-02-14'),
(1029, 131, 'The Psychopath Test', 'Jon Ronson', '2019-03-14'),
(1030, 183, 'The Intent to Live', 'Larry Moss', '2020-02-27'),
(1031, 66, 'The 104-Storey Treehouse', 'Andy Griffiths', '2021-01-01'),
(1032, 32, 'Fun Home', 'Alison Bechdel', '2020-03-18'),
(1033, 97, 'Cronin\'S Key Guide to Australian Trees', 'Leonard Cronin', '2021-02-14'),
(1034, 63, 'Coaching for Performance', 'John Whitmore', '2020-02-25'),
(1035, 6, 'Bradshaw\'s Handbook', 'George Bradshaw', '2019-03-25'),
(1036, 154, 'The Face of Battle', 'John Keegan', '2019-01-10'),
(1037, 78, 'The Sea of Tranquility', 'Katja Millay', '2019-01-10'),
(1038, 54, 'Pioneer Girl', 'Laura Ingalls Wilder', '2021-03-13'),
(1039, 91, 'The Autism Discussion Page on the core challenges of autism', 'Bill Nason', '2019-03-15'),
(1040, 155, 'The Psychopath Test', 'Jon Ronson', '2021-01-23'),
(1041, 34, 'Promise Me You\'ll Shoot Yourself: The Mass Suicide of Ordinary Germans in 1945', 'Florian Huber', '2020-03-21'),
(1042, 116, 'Science in the Kitchen and the Art of Eating Well', 'Pellegrino Artusi', '2020-03-23'),
(1043, 176, 'Russian Criminal Tattoo Encyclopaedia Volume II', 'Danzig Baldaev', '2019-02-27'),
(1044, 91, 'Into the Wild', 'Jon Krakauer', '2019-01-02'),
(1045, 179, 'RHS Propagating Plants', 'Alan R. Toogood', '2021-01-04'),
(1046, 60, 'Matty Matheson', 'Matty Matheson', '2019-01-16'),
(1047, 53, 'Paths To God', 'Ram Dass', '2020-01-26'),
(1048, 105, 'The Power of Silence', 'Cardinal Robert Sarah', '2019-03-28'),
(1049, 199, 'Harry Potter and the Prisoner of Azkaban', 'J. K. Rowling', '2020-01-02'),
(1050, 96, 'Zen: The Art of Simple Living', 'Shunmyo Masuno', '2019-03-03');

-- --------------------------------------------------------
--
-- Table structure for table `reviews`
--

CREATE TABLE `reviews` (
  `reviewId` int(11) NOT NULL PRIMARY KEY AUTO_INCREMENT,
  `issueId` int(8) DEFAULT NULL,
  `userId` int(8) DEFAULT NULL,
  `isbn` bigint(20) DEFAULT NULL,
  `rating` int(1) DEFAULT NULL,
  `review` varchar(6000) DEFAULT NULL
) ENGINE=InnoDB DEFAULT CHARSET=utf8mb4;

--
-- Dumping data for table `reviews`
--

INSERT INTO `reviews` (`reviewId`, `issueId`, `userId`, `isbn`, `rating`, `review`) VALUES
(1, 202101, 70, 8283310000000, 1, 'Wow!  I\'ve read the glowing reviews, I know it\'s sold a bazillion copies, and it\'s probably only a matter of time before it\'s a Nicole Kidman movie.....but I don\'t get what\'s the big deal here.  For me, the novel only kicked into high gear during the last quarter. Up to then, though, it was very slow going.  If it hadn\'t  been for all those reviews, I\'d have given up on it before I even reached that last quarter.'),
(2, 202102, 103, 8606200000000, 2, 'I enjoyed reading Gone Girl and this was recommended as a similar book that I would like. I did enjoy it, but it was a little slow going and slightly predictable. I prefer more plot twists and being surprised, and this book did not really surprise me. It also wrapped up a little too quickly and neatly, but I feel that way about a lot of books (such as Gone Girl and Luckiest Girl Alive). Would recommend to others for sure, but did not love it and would not re-read it again.'),
(3, 202103, 23, 8644590000000, 1, 'The narrative made the story interesting, but many characters were underdeveloped. The twist was predictable, but once there was revelation the story closed without fulfilment.  Worth the effort.  I think the movie will be grand, but don\'t read the story first.'),
(4, 202104, 51, 8550610000000, 1, 'Thrilling page turner. Although it took me a while to catch on to the chapter structure of the book, in the end it was a brilliant hook that kept the plot twists coming in fresh waves of deceit.Set in England, focusing on nos. 15 and 23 Blenheim Road along an active set of commuter railroad tracks; Rachel Watson has a daily fixation on the people she sees living out their lives along the tracks as she travels in to town for work. Until one day the daily routine of bliss and serenity goes dark. Rachel finds herself caught up in the swirling ebb and flow of deceit as she finds herself pulled into the middle of a missing persons investigation.I found the unique [to me anyway] chapter structure engaging, serving as a series of flashbacks and among the series of first person accounts that drive the story forward. I shudder to think just how real and probable this plot can be. The human mind and the heart that drives it is so very depraved that the evil depicted in this story is very believable.While I don\'t mind a bit of profane language in a story where it\'s a real world situational necessity - soldiers swear in combat, lovers loose their tongue when in the heat of discord, etc. - the language got a bit rough toward the end which was a bit of a turn off for me. Beyond that, I found the book enjoyable. Beautifully edited, there are some spots where the \'British English\' served well to remind me of the book\'s setting...not in my American neighborhood.Bravo Paula Hawkins on a contemporary work of art that will certainly stand the test of time.'),
(5, 202105, 1, 8918330000000, 5, 'I bought this book when Hurricane Matthew came into town. Hoping to hunker down with a good book. It\'s been two weeks since the hurricane and I can\'t get thru half of the book. It\'s horrible, predictable, slow and depressing. This is all i have to say. Do not waste your money...maybe the movie will be better.'),
(6, 202106, 101, 8702510000000, 4, 'Excellent read!'),
(7, 202107, 136, 8619910000000, 2, 'This book is pretty much on target for a classic movie, I would compare it to some of my all time favorites, Cape Fear, Gone Girl. I would suggest reading by anyone that gets into a good book, and can\'t put it down. That\'s the kind of book this is.'),
(8, 202108, 68, 8126050000000, 2, 'This is the kind of book where you want to reach into the pages and wring the protagonist\'s neck!  I shouted at her; I ranted; I raved, but she didn\'t listen.  She just continued on her path of self-destruction and dragged me along for the ride.  Plenty of twists and turns, just like the train ride, and just want you think you know what\'s going to happen next ... the plot changes!  Reads quickly and is spell-binding.'),
(9, 202109, 23, 8953340000000, 2, 'It\'s been a long time since I\'ve been able to finish a book because the author seems to lose me in the middle--if not at the beginning. This one though, kept me hooked til the end! Can\'t wait to see the movie, by I can\'t imagine it topping the book.'),
(10, 202110, 148, 8554980000000, 5, 'I really enjoyed the book - it does have a sort of \'Gone Girl\' feel, but I liked that book too.  I think the characters are interesting and although I did figure out a portion of the ending, I had to keep reading to see if I was correct.  This was a book club read and I think there is plenty to discuss at our meeting.'),
(11, 202111, 44, 8446020000000, 3, 'I bought this book when Hurricane Matthew came into town. Hoping to hunker down with a good book. It\'s been two weeks since the hurricane and I can\'t get thru half of the book. It\'s horrible, predictable, slow and depressing. This is all i have to say. Do not waste your money...maybe the movie will be better.'),
(12, 202112, 26, 8744830000000, 5, 'This story will shake you to your core. I absolutely couldn\'t put this down. Whatever you think you know, or remember will only seem like a dream when you come to the last page of this thrilling, nightmarish story. You won\'t look at people or their lives the same way ever again. If you\'re looking for some thing to get lost and carried away in, look no further. Anna will tell you what happened that day on the train.'),
(13, 202113, 124, 8355250000000, 2, 'This novel has gotten a lot of hype so I was curious to read it. BTW, I have been an English teacher for years, majored in English in college and normally do not read popular novels. So, I decided that I would read the whole thing to the end, which I did. The final chapters of the novel did reveal a clever twist or two, but the majority of the novel, in my opinion, needed a good editor. So much of the novel is repetition--getting drunk, doing something, not remembering it, etc. that after a while, it became boring to me. But, there were some good twists and turns to the plot--enough to keep me reading--so if you want a well written novel that would compare with Le Carre or Silva, turn this one down. But, if you like a roller coaster read and can just skip the reiterating of the same old problems over and over to get the the fun stuff, go for it.'),
(14, 202114, 120, 8960380000000, 2, 'I found this book tedious in the extreme.  Not fast-paced, not a thriller.  The characters weren\'t relatable, they were boring.  The alcoholism was grating, and far too repetitively convenient as a plot point.  I\'m giving it two stars because the writing was decent -- not compelling, but Ms. Hawkins knows how to put sentences together and has a decent command of grammar, a skill not shared by a lot of current authors.  Her plotting is another matter. The overall plot wasn\'t bad, but along the lines of what another reviewer wrote, instead of putting the effort required into writing a truly engaging story with unfolding events, the author just had her narrators withhold detail so she could have a series of plot twists.  I knew who the killer was halfway through the book.  The final twist was the most satisfying, but it was an effort to finish the book to get to it.'),
(15, 202115, 19, 8293010000000, 5, 'Overall liked the book - but it is not something I would re-visit as (1) There is not too much sub-text or character details that I want to re-visit after the reveal and  **spoilers ahead**(2) though there is some attempt at describing and analyzing issues related to infertility, baby death, alcoholism, the author does not dig too deeply to surface the complexity around them. For e.g. it would have been great to know more about the killer - not the motivation, which was clearly laid out, but just more about the killer\'s tastes, personality, etc.The multiple narrator touch seems to be a new thing in literature, especially the unreliable-female-narrator. It works for a larger extent, but of course, I can sense the struggle that the author might go through with trying not to reveal too many spoilers.Recommended for its good premise and pace. Made some difficult reading for me as some of the issues mentioned drove home.'),
(16, 202116, 92, 8289920000000, 4, 'The first half of this book is very complicated, confusing, and rather slow to develop into a \"don\'t stop until you finish\" final.  I haven\'t had a chance to see the movie, but I know they won\'t be able to catch the different thought patterns of the main character.  Very detailed plot hard to follow at times; complicated, intertwined characters; dialogue (5 on a scale of 10.  It is a rather dreary read at times.SPOILER ALERT:  I have dealt with alcoholics in my past and it was painful to have the main character struggling so much with alcohol.  Several times I almost put it down because of the bad feelings it engendered.'),
(17, 202117, 78, 8569980000000, 5, 'This book was very riveting!!  I read it in about a day and a half.  Kept me turning the pages, and that\'s something because I haven\'t picked up a book in 2 years that I hadn\'t stopped reading in the middle.'),
(18, 202118, 194, 8244750000000, 5, 'I liked to mystery of the whole book. I usually don\'t care for mysteries but it was a part of our book club selection so I braved the way to reading. I\'m very glad that I did. Very few characters but each well thought out and creatively woven together.'),
(19, 202119, 114, 8593510000000, 3, 'This book was pretty amazing, despite the lack of characters that I could relate to or even like. This book has similarities to Gone Girl, but there\'s so much more to it. Halfway through the book was when it started to get good, and honestly I rushed it these last few days just because I wanted to watch the movie. Overall, I\'m glad I read it and the end was shocking to me!'),
(20, 202120, 170, 8720700000000, 1, 'Honestly I do not understand how this book gets on and stays on the best seller list!It is really ho-hum----and some of the books on the BS list have been there so longwhile others (new ones) get passed over.  Really have never understood their wayof chosing.  Now, one that is wonderful is \"All the Light that ever was\"---aninspiring story and lovely writing.'),
(21, 202121, 36, 8272540000000, 1, 'Everyday, Rachel takes the train to work. As the train comes to halt at a signal, she daydreams about the people in the houses she sees. She watches the moments of their lives that she observes from the train, and she makes up stories about them. This is merely daydreaming, until the day she witnesses something. Then, everything changes!As I read this, I kept thinking about that voyeuristic quality that I enjoyed in Hitchcocks REAR WINDOW. We all seem to enjoy looking into other peoples lives and catching a glimpse of what a strangers private life might be like.This book kept me guessing until the last minute. Because the author narrated different chapters in the first person by three alternating characters, we are able to get to know them from the inside out, understand how their minds work, and see how they evolve as the tension of the murder mystery builds. This is a very clever way to both allow the reader to relate to the characters and their feelings, as well as to tell a story from varying viewpoints. I bet you cant put this one down! I couldnt!'),
(22, 202122, 85, 8277690000000, 3, 'I agree with some other reviewers. The characters in this novel were all annoying and not believable.  The main character, Rachel, you just want to reach out and smack some sense into her.  I just keep reading so I could be done with it. It is one crazy female after another, surrounded by awful men. I fail to see why this book is getting so many good reviews. Stay away.'),
(23, 202123, 12, 8603470000000, 1, 'This book required a little time on my part to easily go back and forth between the first person accounts of the story from the 2 main characters. I sometimes had to go back and remind myself of who was speaking at a particular point. I also found the psychological problems of one of the main characters not pursued enough to explain the reasons why she did what she did. Aside from those 2 things, I liked the book very much.  I loved the use of the \"train\" in telling the story. The ending was somewhat of a surprise to me which is good---I don\'t like to figure it out ahead of time. I would recommend the book for those who like to think versus be entertained.'),
(24, 202124, 131, 8366520000000, 3, 'It was an easy summer read. It was not the best mystery novel written...and the characters were a pretty one note. But I was looking for a quick summer read and this fit the bill. The writing was good and the plot kept me in it...I was fairly certain I knew who did it early on but nevertheless it was worth the read. I would give it 3 1/ 2 stars if I could.'),
(25, 202125, 7, 8761950000000, 2, 'This is a book that intrigued me from the outset.  The main character seems to be so weak and disturbed, but I found myself rooting for her anyway, wanting her to get herself straightened out.  I didn\'t know when I began reading that the book is a whodunnit, and I kept changing my mind about the identity of the perpetrator.  The author did a wonderful job of revealing the various stories of each of the players and their parts in the mystery.  She kept me in suspense.  I would recommend this book to anyone who likes a murder mystery.'),
(26, 202126, 123, 8654260000000, 1, 'If you like thrillers or crime stories this will be a good choice for you. One of the better books I\'ve read. Typically I go for non fiction but this was a very entertaining book. Now I want to see the movie!'),
(27, 202127, 164, 8357830000000, 2, 'Overall, This book was simply OK. The main character, Rachel, was enough to make you want to scream. I can\'t imagine someone being as dim witted as this one. If you have the chance to read this book free of charge, give it a try. Definitely not worth the $10 I paid for it though.'),
(28, 202128, 120, 8601130000000, 5, 'An unreliable blackout alcoholic narrator. She can not stay away from her ex. She doesn\'t remember details, but she was in the area when the second wife disappeared. She keeps having sex with suspects. She blabs what she thinks she knows to the wrong people. She\'s an every woman in search of what went so terribly wrong to this woman and to herself. I really enjoyed this book!'),
(29, 202129, 143, 8875290000000, 3, 'This story is narrated from the viewpoint of three women. The author jumps between them and time frames sliding from the current time to past. I found it rather cumbersome but, at the insistence of my daughter, I kept reading. It did get better around the middle of the book. Unfortunately, by then I had a really good idea who caused all the havoc.'),
(30, 202130, 48, 8938460000000, 1, 'One of the best books I\'ve read this year.  I loved the first person narration--by three different narrators.  The women\'s stories start at different points in time and converge at the end of the novel.  (Watch the narrator and dates on each chapter as you read.)  Perhaps the most original murder mystery I have ever read.  I would say more, but I don\'t want to give anything away!'),
(31, 202131, 31, 8823000000000, 3, 'I enjoyed reading this book and I was surprised by the ending. That being said, when the author doesn\'t develop the antagonist, the twist is expected. All the females were interesting but I wish the author had developed the men\'s characters in the same way.'),
(32, 202132, 184, 8596700000000, 4, 'This is one of the best books I have read in a long time.  It was a page turning psychological thriller that was hard to put down and can easily finished in a day or afternoon of reading.  The main character, Rachel, is somewhat of a sad case that has not gotten over her failed marriage to Tom, who has moved on with another woman, Anna and recently had a child (something she was unable to give him).  As if the divorce and her inability to have children is not enough, Rachel is constantly reminded of Toms new life without her every day as she passes by their home that was once hers on the train each day.  She is obsessed with them and their neighbor Megan and her husband.  The story is told from the perspective of the three women; Rachel, Anna and Megan.  As Rachels life continues to disintegrate throughout the novel, her obsession with the couples along with her drinking problem continues to get worse.  As her life falls apart, she becomes engrossed with Megans disappearance and trying to solve what happened to her.  With the three perspective stories the reader is left trying to figure out what eventually happens to Megan upon her disappearance and how all three women are connected.  The climax and ending of the book is truly shocking and will leave you wanting more from Paula Hawkins.  The plot would make an excellent movie and I am looking forward to more work from this author.'),
(33, 202133, 85, 8599340000000, 3, 'This novel has gotten a lot of hype so I was curious to read it. BTW, I have been an English teacher for years, majored in English in college and normally do not read popular novels. So, I decided that I would read the whole thing to the end, which I did. The final chapters of the novel did reveal a clever twist or two, but the majority of the novel, in my opinion, needed a good editor. So much of the novel is repetition--getting drunk, doing something, not remembering it, etc. that after a while, it became boring to me. But, there were some good twists and turns to the plot--enough to keep me reading--so if you want a well written novel that would compare with Le Carre or Silva, turn this one down. But, if you like a roller coaster read and can just skip the reiterating of the same old problems over and over to get the the fun stuff, go for it.'),
(34, 202134, 174, 8420080000000, 2, 'An \"OK\" book, just moved too slowly. I hope the movie is better.');

-- --------------------------------------------------------

--
-- Table structure for table `users`
--

CREATE TABLE `users` (
  `id` int(11) NOT NULL PRIMARY KEY AUTO_INCREMENT,
  `email` varchar(50) NOT NULL,
  `password` varchar(50) NOT NULL,
  `fullName` varchar(50) DEFAULT NULL,
  `createdAt` datetime DEFAULT current_timestamp,
  `totalBorrowedBooks` int(3) DEFAULT NULL,
  `currentBorrowedBooks` int(1) DEFAULT NULL,
  `fine` decimal(5,2) DEFAULT NULL
) ENGINE=InnoDB DEFAULT CHARSET=utf8mb4;

--
-- Dumping data for table `users`
--

INSERT INTO `users` (`id`, `email`, `password`, `fullName`, `createdAt`, `totalBorrowedBooks`, `currentBorrowedBooks`, `fine`) VALUES
(1, 'sandrich0@omniture.com', 'nVxvMrpU', 'Shadow Andrich', '2020-02-03', 21, 0, '6.29'),
(2, 'fpinchin1@buzzfeed.com', 'OsBtVf4l4', 'Florida Pinchin', '2021-01-08', 4, 2, '26.71'),
(3, 'goxshott2@nature.com', 'aCQspzaY0', 'Gail Oxshott', '2021-04-03', 7, 0, '60.53'),
(4, 'ntordiffe3@hud.gov', 'y32Kyi', 'Nevile Tordiffe', '2019-04-15', 10, 2, '11.90'),
(5, 'hbittleson4@tiny.cc', 'hI4qWf', 'Hershel Bittleson', '2021-03-20', 1, 1, '74.23'),
(6, 'chillborne5@quantcast.com', '76ygdfiKS', 'Cherilynn Hillborne', '2019-03-05', 7, 0, '1.78'),
(7, 'solliver6@gravatar.com', 'ofhFxpVvtOD4', 'Sianna Olliver', '2020-02-11', 7, 0, '4.36'),
(8, 'kbirdwistle7@naver.com', 'WNbOZhwU1qi', 'Karine Birdwistle', '2019-02-11', 4, 2, '97.21'),
(9, 'hbarnson8@cdc.gov', 'uOvWKyyhZ', 'Hattie Barnson', '2019-01-07', 1, 0, '28.79'),
(10, 'eskakunas9@friendfeed.com', 'p07zj153fpT8', 'Erinna Skakunas', '2018-02-06', 25, 1, '97.01'),
(11, 'wvana@salon.com', 'zGqMXgd', 'Walden Van', '2021-03-25', 10, 2, '7.46'),
(12, 'bhealdb@marketwatch.com', 'vlGQe9m', 'Bobby Heald', '2020-01-03', 4, 0, '31.26'),
(13, 'mluterc@list-manage.com', 'ASUddXQR', 'Margeaux Luter', '2018-01-10', 7, 0, '62.79'),
(14, 'djaulmed@prweb.com', 'UmjHVNXy', 'Dian Jaulme', '2021-04-05', 3, 2, '20.22'),
(15, 'ghoulridgee@deliciousdays.com', 'gRz7WBsQtk6S', 'Glen Houlridge', '2020-03-04', 18, 0, '38.20'),
(16, 'despinhof@netvibes.com', '1kHDqX', 'Derry Espinho', '2020-04-16', 4, 0, '61.36'),
(17, 'cespg@who.int', 'cSH9Yx', 'Carroll Esp', '2019-02-13', 20, 0, '95.55'),
(18, 'hrippinh@latimes.com', 'y4ZA3yH8', 'Hadrian Rippin', '2018-01-19', 25, 0, '96.91'),
(19, 'bslimmei@hostgator.com', 'qgNS1rMj', 'Bobina Slimme', '2019-03-13', 25, 1, '39.92'),
(20, 'bwhitecrossj@google.de', 'YClVbul', 'Bernita Whitecross', '2021-01-23', 18, 0, '98.48'),
(21, 'sduckworthk@163.com', 'DCHphu5I', 'Slade Duckworth', '2018-02-07', 11, 2, '56.95'),
(22, 'mbirwhistlel@scientificamerican.com', '6Y2yFO', 'Maurice Birwhistle', '2018-04-20', 20, 2, '11.74'),
(23, 'gcunningtonm@abc.net.au', 'bLTRkQeh', 'Giacomo Cunnington', '2020-02-11', 16, 2, '81.21'),
(24, 'rabrahamovitzn@comsenz.com', 'E8RoOorQW7', 'Romain Abrahamovitz', '2018-03-19', 24, 1, '69.71'),
(25, 'dheggso@blinklist.com', 'BVnzvg273py', 'Damita Heggs', '2018-03-26', 15, 0, '38.85'),
(26, 'boliveirap@ning.com', 'NB3W8e87zlU', 'Brent Oliveira', '2019-03-07', 24, 1, '9.16'),
(27, 'bmeneghelliq@dyndns.org', 'SlRkOb', 'Barbabra Meneghelli', '2018-01-15', 24, 2, '4.32'),
(28, 'vgoldenr@over-blog.com', 'xCNYHn7WCvxC', 'Valaree Golden of Ireland', '2021-04-25', 24, 2, '25.34'),
(29, 'lbyways@businessweek.com', 'HdqsIh8o', 'Lilly Byway', '2020-04-17', 16, 0, '20.07'),
(30, 'gtoombest@edublogs.org', 'yEY2BSfn1', 'Gran Toombes', '2018-04-24', 11, 2, '44.82'),
(31, 'agotu@blogger.com', 'mpqiJc9JRbJS', 'Antonius Got', '2019-02-01', 6, 2, '99.67'),
(32, 'cpoulgreenv@google.cn', 'gYJ2Ly3GI', 'Cristine Poulgreen', '2020-03-08', 18, 1, '38.70'),
(33, 'obraemerw@dyndns.org', 'BZ7Mo6H9ENXU', 'Ophelie Braemer', '2019-04-10', 13, 2, '72.65'),
(34, 'amapstonex@cnn.com', 'zYkDGkB7zCR', 'Andrea Mapstone', '2018-02-21', 1, 0, '74.20'),
(35, 'kmaffeoy@quantcast.com', 'JGCvgf1MvPJ', 'Karyn Maffeo', '2021-01-16', 14, 1, '7.30'),
(36, 'greinhardz@google.com.hk', 'HQ3FK9tTm44', 'Gerard Reinhard', '2018-02-15', 2, 0, '33.15'),
(37, 'abelfitt10@sciencedaily.com', 'WKhwid', 'Alberto Belfitt', '2021-03-15', 19, 2, '78.68'),
(38, 'nmecco11@google.cn', 'agbv2b', 'Nyssa Mecco', '2019-01-13', 14, 2, '84.02'),
(39, 'sforsdike12@indiegogo.com', 'PDNF0Y', 'Steward Forsdike', '2020-03-14', 6, 2, '2.56'),
(40, 'bmillett13@oaic.gov.au', 'VESoZ3BuFIj1', 'Boonie Millett', '2021-04-26', 18, 1, '69.68'),
(41, 'pbollon14@mapy.cz', 'Q4Y0wSBhwmv5', 'Pinchas Bollon', '2019-04-12', 1, 2, '58.58'),
(42, 'lohallagan15@artisteer.com', 'Xt9iAM', 'Leann O\'Hallagan', '2021-04-27', 13, 0, '19.38'),
(43, 'mgerish16@dagondesign.com', '9KPh8kgpK', 'Meggie Gerish', '2020-03-19', 5, 1, '14.18'),
(44, 'blamacraft17@csmonitor.com', '8fLODSCTzTMW', 'Beverlie Lamacraft', '2019-04-04', 23, 0, '69.47'),
(45, 'nkendal18@hc360.com', 'gz6jS5E', 'Nicoli Kendal', '2021-03-22', 5, 0, '75.86'),
(46, 'smartt19@google.ca', 'RJRb6hh', 'Seamus Martt', '2020-02-13', 7, 0, '36.94'),
(47, 'aundrell1a@woothemes.com', 'Xb89iA', 'Ardelle Undrell', '2021-02-24', 8, 2, '4.93'),
(48, 'flowin1b@lycos.com', 'phWOg4hq', 'Fred Lowin', '2021-01-16', 2, 2, '2.73'),
(49, 'edallimore1c@hud.gov', 'SoXt5mhe', 'Elly Dallimore', '2018-04-15', 19, 0, '17.32'),
(50, 'mspurman1d@g.co', 'MAHsEjOAsPIp', 'Meggi Spurman', '2020-03-12', 5, 2, '20.78'),
(51, 'kzappel1e@webeden.co.uk', 'VjzSga', 'Kale Zappel', '2020-04-17', 16, 2, '25.44'),
(52, 'abubbins1f@sciencedaily.com', '0UEhICLKs7VR', 'Arlen Bubbins', '2020-04-24', 21, 0, '79.81'),
(53, 'bborgbartolo1g@independent.co.uk', 'eoxBLKY', 'Brion Borg-Bartolo', '2019-04-20', 16, 2, '49.60'),
(54, 'rhiorn1h@si.edu', '443pSpy1Ui', 'Rockwell Hiorn', '2021-03-21', 17, 0, '30.12'),
(55, 'hstroulger1i@1und1.de', 'rrCsXlHPH8', 'Hilde Stroulger', '2018-03-19', 8, 1, '30.33'),
(56, 'wsurridge1j@statcounter.com', 'tpKbFODBvcV', 'Winny Surridge', '2018-01-11', 18, 2, '25.11'),
(57, 'cbirchner1k@guardian.co.uk', 'SYNzLs1Cn', 'Cristine Birchner', '2020-01-21', 1, 0, '74.21'),
(58, 'cmixworthy1l@nydailynews.com', '4pWot2', 'Curtis Mixworthy', '2021-02-04', 8, 2, '10.81'),
(59, 'lkording1m@fema.gov', '7OSH9Rm5H1', 'Leonore Kording', '2018-01-25', 5, 2, '95.55'),
(60, 'rgarlee1n@netlog.com', 'l6seMJdqf', 'Robin Garlee', '2020-01-01', 1, 2, '67.90'),
(61, 'ngaskin1o@msn.com', 'Z2Q7bEC', 'Nikolaus Gaskin', '2019-01-18', 19, 2, '16.44'),
(62, 'msorbey1p@npr.org', 'DTVIKK5', 'Marylin Sorbey', '2020-02-26', 13, 2, '91.70'),
(63, 'tdymond1q@nature.com', 'QaWz7e9z', 'Toddie Dymond', '2020-01-16', 3, 1, '6.01'),
(64, 'blusher1r@ning.com', 'ipVSTX', 'Bald Lusher', '2019-02-07', 20, 2, '76.84'),
(65, 'smcevon1s@yandex.ru', 'ZKjIUADIQEU', 'Sybila McEvon', '2021-03-25', 16, 1, '51.75'),
(66, 'waveray1t@bloomberg.com', 'fZyyLIBbIRD', 'Wilek Averay', '2020-02-23', 6, 1, '96.55'),
(67, 'kyglesias1u@reuters.com', 'ITnUyVOCkFpf', 'Karine Yglesias', '2018-02-06', 4, 0, '81.78'),
(68, 'sstanney1v@apache.org', 'wwjyxkceA', 'Standford Stanney', '2020-04-14', 21, 2, '54.61'),
(69, 'cshardlow1w@mashable.com', 'esqfGMKQ', 'Cob Shardlow', '2021-01-01', 25, 2, '38.46'),
(70, 'jbeetles1x@about.me', 'WHOhdw', 'Jenny Beetles', '2020-02-03', 19, 2, '33.43'),
(71, 'wjuliff1y@sogou.com', 'QWtOgn4Z6l3i', 'Warde Juliff', '2018-03-14', 4, 0, '87.07'),
(72, 'ccrowley1z@ocn.ne.jp', 'aj8pRM', 'Cherida Crowley', '2019-02-25', 18, 0, '19.02'),
(73, 'lcluney20@reference.com', 'w6PzK26v', 'Lee Cluney', '2020-04-19', 20, 1, '94.48'),
(74, 'mpothbury21@ucla.edu', '1eteRuiN', 'Marti Pothbury', '2019-02-21', 10, 1, '49.23'),
(75, 'pmarris22@addtoany.com', '5HiISEZAIBPf', 'Paten Marris', '2020-02-11', 6, 0, '89.50'),
(76, 'sdyball23@naver.com', 'EQDrMLD2TNx', 'Salomon Dyball', '2019-04-26', 11, 2, '2.87'),
(77, 'kgleeton24@columbia.edu', 'rPbMgt', 'Korey Gleeton', '2019-04-25', 20, 2, '82.78'),
(78, 'wharyngton25@bravesites.com', 'q71Gneu', 'Whitney Haryngton', '2021-02-16', 23, 0, '38.35'),
(79, 'nvreede26@360.cn', 'D5b5Nq', 'Nariko Vreede', '2021-02-08', 3, 2, '6.86'),
(80, 'eohalleghane27@weather.com', 'crx4d6wqQvl7', 'Eliza O\'Halleghane', '2019-02-07', 4, 1, '55.38'),
(81, 'gsiemianowicz28@unblog.fr', 'MBVkFPeGliY', 'Gauthier Siemianowicz', '2018-01-15', 17, 0, '29.12'),
(82, 'msuche29@epa.gov', 'ZbDuzM1qz7I', 'Margarete Suche', '2019-03-15', 16, 2, '28.40'),
(83, 'ghercock2a@google.it', '5068WG', 'Georgy Hercock', '2018-01-25', 18, 0, '31.05'),
(84, 'bslowan2b@nytimes.com', 'QYMgJoHeDJZ', 'Bonnie Slowan', '2019-01-18', 16, 0, '9.35'),
(85, 'smillhouse2c@friendfeed.com', 'qi71Zg', 'Stanford Millhouse', '2018-04-21', 14, 2, '36.09'),
(86, 'fmccawley2d@privacy.gov.au', 'l2yzagTsEY', 'Frederica McCawley', '2020-01-13', 24, 1, '90.45'),
(87, 'kbispham2e@cnn.com', 'mTEbUZn', 'Kendra Bispham', '2020-01-20', 1, 1, '8.14'),
(88, 'pbertomeu2f@diigo.com', 'RTimom', 'Patience Bertomeu', '2021-03-15', 15, 1, '89.26'),
(89, 'amcdermott2g@un.org', 'sXY9mQ', 'Alberik McDermott', '2019-03-24', 20, 1, '4.99'),
(90, 'aouslem2h@devhub.com', '2jutkkMF5j42', 'Alister Ouslem', '2019-01-17', 3, 0, '21.07'),
(91, 'mgrey2i@ox.ac.uk', 'eEpsmie', 'Matteo Grey', '2020-02-17', 4, 1, '20.80'),
(92, 'rscopham2j@usnews.com', 'WTMIwX', 'Robby Scopham', '2021-04-27', 17, 0, '99.86'),
(93, 'lsargeant2k@instagram.com', 'ksXB9mHH', 'Lurlene Sargeant', '2020-01-22', 15, 1, '56.30'),
(94, 'kbelliard2l@indiegogo.com', '8UdFB2Y0p9yb', 'Kelbee Belliard', '2019-03-17', 24, 1, '24.16'),
(95, 'erodolphe2m@hibu.com', 'Mb1FGUEsuHmR', 'Ezri Rodolphe', '2019-01-01', 7, 1, '44.96'),
(96, 'ckmieciak2n@google.pl', 'bUI7ZSkUtX', 'Cly Kmieciak', '2021-04-28', 23, 1, '63.85'),
(97, 'kshitliffe2o@oaic.gov.au', 'Hfi4PBWrYMz', 'Koenraad Shitliffe', '2021-01-09', 2, 2, '49.25'),
(98, 'tliebermann2p@sbwire.com', 'UpKwmtnv', 'Tamqrah Liebermann', '2019-02-10', 8, 1, '44.39'),
(99, 'hpenney2q@twitpic.com', 'HYKl94sGKKPC', 'Hilly Penney', '2020-04-27', 14, 0, '69.39'),
(100, 'mharse2r@miitbeian.gov.cn', 'c3rRs7dfDGHW', 'Maisey Harse', '2018-02-02', 3, 2, '89.34'),
(101, 'switherby2s@va.gov', 'EQzW2LT6jo', 'Simmonds Witherby', '2018-04-25', 5, 1, '32.14'),
(102, 'bvickars2t@phoca.cz', 'mAgjEubEv4', 'Brent Vickars', '2019-04-08', 22, 0, '12.97'),
(103, 'yhamprecht2u@gnu.org', 'C3GykNHXT', 'Yuma Hamprecht', '2020-03-25', 21, 2, '96.21'),
(104, 'atilmouth2v@t-online.de', 'DKJrVfMEmvBU', 'Avram Tilmouth', '2019-04-28', 16, 0, '9.54'),
(105, 'rflitcroft2w@macromedia.com', 'BckYUpHIBy', 'Roz Flitcroft', '2019-02-18', 24, 1, '16.57'),
(106, 'jdrewell2x@addtoany.com', 'X32Mpbt1h', 'Jackie Drewell', '2019-03-15', 12, 2, '78.99'),
(107, 'esplaven2y@jimdo.com', 'S1pIcH450CH', 'Ezechiel Splaven', '2019-01-24', 8, 0, '60.08'),
(108, 'mecles2z@yelp.com', 'gAkXQwiJAZq', 'Marja Ecles', '2018-04-21', 4, 1, '30.19'),
(109, 'tsawkin30@altervista.org', 'CJaY0vYd', 'Tad Sawkin', '2019-02-07', 1, 1, '59.33'),
(110, 'sbeardsall31@zimbio.com', 'lLdgzedtw', 'Salaidh Beardsall', '2018-02-09', 10, 1, '41.96'),
(111, 'fmort32@springer.com', '6YfALeSWkP3', 'Fancy Mort', '2020-01-01', 1, 2, '44.63'),
(112, 'kbourgaize33@blogtalkradio.com', 'oHKcIMCzs', 'Kerby Bourgaize', '2019-01-21', 5, 0, '80.42'),
(113, 'ccamidge34@unicef.org', 'RswUv9', 'Camala Camidge', '2020-02-04', 14, 2, '43.06'),
(114, 'twibberley35@google.ca', '3BzldOxeN', 'Teodor Wibberley', '2021-04-15', 7, 0, '22.31'),
(115, 'bshade36@go.com', 'YJKLozX', 'Bethanne Shade', '2021-03-26', 18, 1, '83.40'),
(116, 'aragles37@umich.edu', 'G6aFRY', 'Aubrey Ragles', '2018-01-07', 13, 0, '8.62'),
(117, 'dhannaby38@newyorker.com', 'fndcP2z0', 'Dianne Hannaby', '2021-04-18', 16, 1, '5.59'),
(118, 'pcrebo39@noaa.gov', '5bim1Q5gX3', 'Perrine Crebo', '2020-02-01', 21, 1, '48.22'),
(119, 'qgoodyer3a@goodreads.com', 'Uzj7Gi', 'Quintus Goodyer', '2019-01-28', 8, 0, '43.52'),
(120, 'lskouling3b@bandcamp.com', 'TwWu6xx', 'Leigha Skouling', '2020-01-09', 14, 1, '72.75'),
(121, 'bguys3c@umich.edu', 'dUav27ooCu', 'Berne Guys', '2019-03-25', 21, 0, '5.37'),
(122, 'cmitchley3d@diigo.com', 'Q2lcAaXYJ', 'Corrina Mitchley', '2019-01-23', 12, 0, '46.76'),
(123, 'kminichillo3e@google.ca', 'sLxP2fGG', 'Kimball Minichillo', '2020-04-11', 21, 0, '2.60'),
(124, 'lfaircley3f@exblog.jp', 'GIORppD', 'Lauralee Faircley', '2019-04-20', 25, 0, '24.93'),
(125, 'mmulloch3g@phpbb.com', '24Cnas8', 'Maryellen Mulloch', '2021-04-14', 14, 2, '21.67'),
(126, 'dcritchlow3h@yahoo.co.jp', 'di7kwqcsUc5S', 'Donielle Critchlow', '2018-03-25', 25, 1, '59.73'),
(127, 'adymick3i@wikipedia.org', 'eugYI29vXcC', 'Arnaldo Dymick', '2018-02-18', 11, 2, '88.21'),
(128, 'mcruikshank3j@intel.com', 'F3oWkgBT00vO', 'Massimo Cruikshank', '2019-03-07', 20, 0, '75.35'),
(129, 'aburberry3k@miitbeian.gov.cn', 'z2qiFzwAfpEm', 'Adoree Burberry', '2020-04-17', 20, 2, '84.49'),
(130, 'dskill3l@wikispaces.com', 'I2KJKjlZV', 'Danit Skill', '2020-02-18', 7, 1, '28.31'),
(131, 'mhucke3m@un.org', '3ePSd1jKQTb', 'Maxy Hucke', '2021-01-19', 13, 0, '53.48'),
(132, 'bwalster3n@comsenz.com', 'fw8cuz', 'Babette Walster', '2020-02-24', 25, 1, '3.10'),
(133, 'cdieton3o@prweb.com', 'cJ8w0uetI2', 'Carey Dieton', '2020-03-06', 15, 1, '39.11'),
(134, 'scondict3p@about.com', 'pJ2WXR', 'Shane Condict', '2018-03-11', 17, 2, '31.26'),
(135, 'saudsley3q@kickstarter.com', 'yCoggg352Ntv', 'Shaina Audsley', '2019-03-20', 15, 1, '75.85'),
(136, 'bcough3r@bing.com', 'ooI1EhzXP2mg', 'Bryan Cough', '2020-04-12', 10, 2, '6.09'),
(137, 'cyorkston3s@wisc.edu', 'Iuil69cvqQ', 'Celinka Yorkston', '2020-01-10', 6, 0, '51.44'),
(138, 'sbleything3t@typepad.com', '13meDRIBoTCU', 'Sarah Bleything', '2019-04-27', 10, 2, '44.48'),
(139, 'gmatthias3u@goo.gl', 'oXZyVL9EG', 'Goldi Matthias', '2018-01-26', 5, 2, '95.05'),
(140, 'kboyat3v@sitemeter.com', 'e6sLZ6L7YZT', 'Kamilah Boyat', '2020-04-07', 7, 2, '46.69'),
(141, 'cshovelin3w@spotify.com', 'BaSuiWJIL', 'Constantine Shovelin', '2018-03-03', 16, 1, '76.67'),
(142, 'hlumber3x@amazon.co.jp', '9MpNZRZU16ta', 'Hoebart Lumber', '2019-03-28', 3, 1, '77.31'),
(143, 'lsoame3y@vimeo.com', 'm2Kmkw1WgpFp', 'Linn Soame', '2021-04-26', 22, 1, '92.50'),
(144, 'gmcguiness3z@sitemeter.com', 'YwDejoR5', 'Gardiner McGuiness', '2021-01-12', 20, 0, '29.05'),
(145, 'zculbard40@typepad.com', 'OGif5sx', 'Zarla Culbard', '2020-02-27', 11, 1, '21.21'),
(146, 'esuart41@prnewswire.com', 'NsBv6l', 'Evelin Suart', '2019-01-13', 3, 1, '49.90'),
(147, 'temanuel42@livejournal.com', 'YNbcgvAvG', 'Teodorico Emanuel', '2021-03-09', 8, 1, '83.45'),
(148, 'rgarwill43@chicagotribune.com', 'IQSL0oLL6Iu4', 'Ragnar Garwill', '2020-01-27', 25, 1, '25.07'),
(149, 'mhutcheon44@youtube.com', '4tZeBf2jwfU', 'Marlo Hutcheon', '2021-04-23', 1, 1, '7.42'),
(150, 'nklimek45@themeforest.net', 'Tde0RV5f', 'Nathan Klimek', '2020-03-14', 10, 0, '95.43'),
(151, 'tmaccaig46@skyrock.com', 'YZZH7s', 'Tara MacCaig', '2019-01-25', 16, 2, '44.57'),
(152, 'dbarme47@nhs.uk', '41Wl1IO', 'Darrick Barme', '2018-04-17', 5, 0, '35.14'),
(153, 'csnalom48@buzzfeed.com', 'XueCMRPs6t', 'Chicky Snalom', '2020-02-08', 6, 1, '65.50'),
(154, 'ptaberner49@theguardian.com', 'ymHSmN3ZcV5b', 'Pandora Taberner', '2019-01-06', 21, 0, '53.42'),
(155, 'hdevine4a@slate.com', 'wOq6YnZ', 'Hildy Devine', '2021-02-20', 18, 0, '8.28'),
(156, 'rreisen4b@dion.ne.jp', 'WzA924qpo', 'Raimundo Reisen', '2021-02-18', 13, 0, '43.42'),
(157, 'jescoffrey4c@wired.com', 'wRjGTuKPyn', 'Joline Escoffrey', '2021-03-25', 13, 2, '88.11'),
(158, 'jcurnnokk4d@unc.edu', 'SyGSz7m', 'Jacklin Curnnokk', '2019-04-11', 16, 2, '8.30'),
(159, 'mtommasetti4e@icio.us', 'NrsZUEMFCxy', 'Manon Tommasetti', '2018-01-08', 9, 2, '40.46'),
(160, 'esutton4f@oaic.gov.au', '18JHl7m4', 'Eada Sutton', '2018-03-07', 3, 1, '53.42'),
(161, 'mmabley4g@indiegogo.com', 'oB6XZNiI', 'Marybeth Mabley', '2018-03-05', 16, 2, '3.80'),
(162, 'mcovil4h@example.com', 'g7pjMJ7', 'Maxi Covil', '2019-01-19', 21, 0, '60.85'),
(163, 'knorthleigh4i@china.com.cn', 'ZJM5QBmj3', 'Kendricks Northleigh', '2019-04-13', 23, 2, '38.99'),
(164, 'jbraundt4j@shareasale.com', 'AKmB3M06pH', 'Job Braundt', '2018-03-20', 6, 0, '37.05'),
(165, 'jbaggallay4k@cbslocal.com', 'opSA29eFUN4F', 'Jade Baggallay', '2019-03-12', 13, 0, '65.35'),
(166, 'ssire4l@quantcast.com', 'KNW12QcjgOC', 'Sella Sire', '2018-01-10', 11, 2, '26.40'),
(167, 'iacton4m@vkontakte.ru', '6tnp6ZZdgt', 'Ilene Acton', '2018-01-14', 3, 0, '79.11'),
(168, 'schumley4n@nifty.com', 'FtCCXrJz', 'Salome Chumley', '2020-03-16', 18, 1, '82.19'),
(169, 'amaxwaile4o@archive.org', 'SLABh10A', 'Adelaida Maxwaile', '2020-02-12', 7, 0, '39.27'),
(170, 'atilsley4p@canalblog.com', 'gsBaTvGQ', 'Adorne Tilsley', '2021-01-22', 20, 0, '39.85'),
(171, 'eromanelli4q@sakura.ne.jp', '8s25gX4K9', 'Elinor Romanelli', '2021-02-10', 6, 0, '95.06'),
(172, 'emacgilfoyle4r@abc.net.au', 'r56fJeA', 'Egor MacGilfoyle', '2018-04-06', 10, 1, '61.38'),
(173, 'bflipek4s@issuu.com', 'zRPFqlG', 'Barr Flipek', '2020-04-22', 3, 2, '74.86'),
(174, 'ctreweela4t@craigslist.org', 'PYMBt9r', 'Camel Treweela', '2019-02-19', 8, 0, '30.02'),
(175, 'eohms4u@dmoz.org', 'KDV0E3HKwq', 'Eb Ohms', '2018-04-12', 18, 2, '58.31'),
(176, 'aloyley4v@amazon.de', 'tlXW9j1', 'Armando Loyley', '2020-03-06', 15, 1, '87.79'),
(177, 'myes4w@mtv.com', '6RVVqMy7w0', 'Maxi Yes', '2018-02-02', 6, 0, '79.75'),
(178, 'jnerney4x@vistaprint.com', 'ZXGkVXYs', 'Juliann Nerney', '2021-04-23', 6, 0, '10.04'),
(179, 'mmatuszewski4y@wp.com', 'AuW68oSSke', 'Mallissa Matuszewski', '2021-01-25', 5, 2, '16.60'),
(180, 'ephaup4z@wordpress.org', 'aABMWjcFQHO', 'Edithe Phaup', '2019-04-09', 11, 0, '18.56'),
(181, 'csprowson50@freewebs.com', 'MSItLm', 'Chas Sprowson', '2020-03-17', 19, 1, '94.84'),
(182, 'jmenchenton51@guardian.co.uk', 'tPlp5wwd', 'Joshia Menchenton', '2019-02-20', 19, 2, '72.42'),
(183, 'blancashire52@drupal.org', 'ybthXkAal', 'Billie Lancashire', '2019-03-05', 2, 0, '24.81'),
(184, 'bmcleese53@cpanel.net', '3FiFhFbz0', 'Brandy McLeese', '2018-01-17', 5, 1, '98.69'),
(185, 'cchiverton54@techcrunch.com', '8BQS4Ez', 'Creighton Chiverton', '2019-02-25', 3, 2, '56.73'),
(186, 'hbowskill55@fda.gov', '1SAkVoj', 'Hamlin Bowskill', '2019-01-08', 22, 1, '74.90'),
(187, 'blightbown56@patch.com', 'X2BNeBQi', 'Barr Lightbown', '2018-04-03', 19, 1, '76.92'),
(188, 'emanjin57@sphinn.com', 'tgEIIqKzp', 'Erhart Manjin', '2018-03-19', 25, 0, '1.15'),
(189, 'zheld58@nature.com', 'Q0ky5sq29', 'Zilvia Held', '2019-02-10', 1, 2, '47.00'),
(190, 'blillgard59@t.co', 'iMaHW6m', 'Blair Lillgard', '2020-04-10', 17, 2, '36.47'),
(191, 'rbowkley5a@prweb.com', 'WooIyf', 'Roseanne Bowkley', '2020-02-16', 15, 2, '59.94'),
(192, 'tprestney5b@fc2.com', 'R18yGQJq9', 'Toni Prestney', '2021-03-19', 8, 2, '25.39'),
(193, 'ddaudray5c@narod.ru', '3Oq9vTuygj', 'Dougy Daudray', '2020-02-02', 1, 2, '6.74'),
(194, 'geilhart5d@wix.com', 'NPsJLuwJ4YIL', 'Garrik Eilhart', '2018-04-17', 20, 0, '56.33'),
(195, 'jsutherden5e@howstuffworks.com', '3a2O5IsjZ9F', 'Jeffie Sutherden', '2021-03-09', 24, 0, '8.29'),
(196, 'okeetley5f@newyorker.com', 'lI6iY9tg', 'Ophelia Keetley', '2018-03-07', 13, 0, '90.46'),
(197, 'vde5g@weibo.com', 'xiPMKMW0N1m', 'Verene de Copeman', '2018-03-22', 13, 1, '40.48'),
(198, 'wkubalek5h@engadget.com', 'ixuWBAT', 'Waite Kubalek', '2019-02-16', 3, 2, '92.39'),
(199, 'adjuricic5i@nba.com', 'Lex4RWuvrr', 'Amanda Djuricic', '2020-02-05', 10, 1, '3.06'),
(200, 'nstetlye5j@cargocollective.com', 'PE5nPQNr', 'Nero Stetlye', '2018-02-12', 23, 0, '43.35');

--
-- Indexes for dumped tables
--

--
-- Indexes for table `books`
--
ALTER TABLE `books`
  ADD PRIMARY KEY (`isbn`);

--
-- Indexes for table `book_copies`
--
ALTER TABLE `book_copies`
  ADD KEY `isbn` (`isbn`);

--
-- Indexes for table `book_issues`
--
ALTER TABLE `book_issues`
  ADD KEY `USER_ID` (`userId`),
  ADD KEY `BOOK_ID` (`bookId`),
  ADD KEY `ISBN` (`isbn`);

--
-- Indexes for table `book_requests`
--
ALTER TABLE `book_requests`
  ADD KEY `USER_ID` (`userId`);


--
-- Indexes for table `reviews`
--
ALTER TABLE `reviews`
  ADD KEY `ISSUE_ID` (`issueId`),
  ADD KEY `USER_ID` (`userId`),
  ADD KEY `BOOK_ID` (`isbn`);

--
-- Indexes for table `users`
--

-- -- ALTER TABLE `users` MODIFY `id` value int AUTO_INCREMENTF=1;

-- --
-- -- AUTO_INCREMENT for dumped tables
-- --

-- --
-- -- AUTO_INCREMENT for table `book_requests`
-- --
-- ALTER TABLE `book_requests`
--   MODIFY `bookRequestId` int(8) NOT NULL AUTO_INCREMENT, AUTO_INCREMENT=1051;

-- --
-- -- AUTO_INCREMENT for table `reviews`
--


--
-- Constraints for dumped tables
--

--
-- Constraints for table `book_copies`
--
ALTER TABLE `book_copies`
  ADD CONSTRAINT `book_copies_ibfk_1` FOREIGN KEY (`isbn`) REFERENCES `books` (`isbn`);

--
-- Constraints for table `book_issues`
--
ALTER TABLE `book_issues`
  ADD CONSTRAINT `book_issues_ibfk_1` FOREIGN KEY (`userId`) REFERENCES `users` (`id`),
  ADD CONSTRAINT `book_issues_ibfk_2` FOREIGN KEY (`bookId`) REFERENCES `book_copies` (`bookId`),
  ADD CONSTRAINT `book_issues_ibfk_3` FOREIGN KEY (`isbn`) REFERENCES `books` (`isbn`);

--
-- Constraints for table `book_requests`
--
ALTER TABLE `book_requests`
  ADD CONSTRAINT `book_requests_ibfk_1` FOREIGN KEY (`userId`) REFERENCES `users` (`id`);


--
-- Constraints for table `reviews`
--
ALTER TABLE `reviews`
  ADD CONSTRAINT `reviews_ibfk_1` FOREIGN KEY (`issueId`) REFERENCES `book_issues` (`bookIssueId`),
  ADD CONSTRAINT `reviews_ibfk_2` FOREIGN KEY (`userId`) REFERENCES `users` (`id`),
  ADD CONSTRAINT `reviews_ibfk_3` FOREIGN KEY (`isbn`) REFERENCES `books` (`isbn`);
--
-- Add column "fullName" to reviews
--
ALTER TABLE `reviews` ADD `fullName` VARCHAR(30) NULL AFTER `review`;
update reviews SET fullName = (SELECT fullName from users WHERE users.id = reviews.userId);
COMMIT;

